Timestamp,CPU_Utilization,Memory_Usage_MB,Disk_IO_MBps,Network_In_Mbps,Network_Out_Mbps,Error_Rate_Percentage
2024-11-20 14:48:53.909263,62.42,2045.25,134.15,919.04,907.54,1.03
2024-11-20 14:49:53.909263,55.25,1260.26,112.13,897.51,69.89,3.4
2024-11-20 14:50:53.909263,40.04,3365.03,140.93,405.03,878.34,0.35
2024-11-20 14:51:53.909263,77.16,3982.57,133.72,798.89,912.61,1.69
2024-11-20 14:52:53.909263,73.21,2966.65,161.29,192.86,22.2,3.79
2024-11-20 14:53:53.909263,55.56,1659.05,20.84,683.98,214.45,0.4
2024-11-20 14:54:53.909263,46.01,3828.7,62.38,100.98,167.14,3.19
2024-11-20 14:55:53.909263,62.37,1781.53,93.71,342.78,298.43,4.79
2024-11-20 14:56:53.909263,41.81,1530.46,55.28,339.1,269.32,3.15
2024-11-20 14:57:53.909263,42.69,2797.57,13.81,297.78,432.85,1.22
2024-11-20 14:58:53.909263,61.58,1196.85,77.08,201.44,121.19,0.6
2024-11-20 14:59:53.909263,40.69,2034.36,74.82,333.41,265.53,3.11
2024-11-20 15:00:53.909263,32.92,2515.94,49.92,370.9,502.94,2.4
2024-11-20 15:01:53.909263,57.07,3884.15,121.89,966.72,560.52,3.98
2024-11-20 15:02:53.909263,57.12,1883.18,26.85,934.35,482.64,1.0
2024-11-20 15:03:53.909263,29.54,2325.69,190.1,248.88,773.05,0.76
2024-11-20 15:04:53.909263,29.24,3845.43,101.17,924.17,532.97,1.23
2024-11-20 15:05:53.909263,37.86,3676.23,115.12,89.85,251.06,5.0
2024-11-20 15:06:53.909263,48.07,2389.31,7.11,367.7,344.56,4.54
2024-11-20 15:07:53.909263,73.57,2597.77,94.46,832.29,305.19,1.27
2024-11-20 15:08:53.909263,50.46,2448.09,125.94,413.17,812.77,0.01
2024-11-20 15:09:53.909263,51.57,1722.07,119.95,274.71,231.51,1.37
2024-11-20 15:10:53.909263,71.93,1858.37,166.57,474.43,824.94,2.67
2024-11-20 15:11:53.909263,46.84,2027.66,116.35,876.08,142.8,3.46
2024-11-20 15:12:53.909263,37.43,3919.89,155.45,431.28,697.24,1.57
2024-11-20 15:13:53.909263,27.26,1826.27,113.64,337.42,918.36,0.91
2024-11-20 15:14:53.909263,25.82,1851.71,95.62,298.3,258.85,2.1
2024-11-20 15:15:53.909263,73.33,3197.77,98.71,339.62,14.87,1.23
2024-11-20 15:16:53.909263,42.41,1139.46,12.81,270.49,634.16,1.32
2024-11-20 15:17:53.909263,41.95,1322.04,82.49,916.99,509.05,3.32
2024-11-20 15:18:53.909263,41.86,2930.06,22.92,277.86,14.52,0.06
2024-11-20 15:19:53.909263,46.5,3200.81,108.1,615.03,198.91,2.4
2024-11-20 15:20:53.909263,54.87,2986.48,153.16,322.5,546.29,2.26
2024-11-20 15:21:53.909263,52.83,1532.02,154.5,390.84,687.92,1.12
2024-11-20 15:22:53.909263,41.13,2145.23,22.64,357.31,663.27,4.93
2024-11-20 15:23:53.909263,60.72,1433.4,96.93,869.36,142.83,0.74
2024-11-20 15:24:53.909263,75.76,1304.47,87.34,330.94,174.97,4.86
2024-11-20 15:25:53.909263,56.12,1932.84,5.87,429.85,61.51,2.5
2024-11-20 15:26:53.909263,77.72,1731.01,153.64,579.37,94.42,0.25
2024-11-20 15:27:53.909263,57.92,4083.89,167.01,49.28,297.17,1.19
2024-11-20 15:28:53.909263,70.51,3264.15,110.64,489.91,123.87,3.3
2024-11-20 15:29:53.909263,55.2,3508.07,180.54,923.37,138.91,1.79
2024-11-20 15:30:53.909263,52.78,2228.53,125.81,533.09,487.38,2.37
2024-11-20 15:31:53.909263,36.02,1336.71,140.04,445.08,996.58,4.23
2024-11-20 15:32:53.909263,56.19,1551.63,172.02,800.43,306.05,1.02
2024-11-20 15:33:53.909263,38.03,1879.51,107.4,64.74,338.59,3.34
2024-11-20 15:34:53.909263,51.75,1666.88,14.92,29.16,896.35,4.63
2024-11-20 15:35:53.909263,46.04,3082.81,63.17,362.83,666.9,3.5
2024-11-20 15:36:53.909263,40.16,3368.67,78.22,646.17,289.57,0.43
2024-11-20 15:37:53.909263,62.06,3458.48,143.34,245.26,748.79,3.42
2024-11-20 15:38:53.909263,58.77,3016.66,106.79,488.14,488.44,1.7
2024-11-20 15:39:53.909263,52.0,1394.07,134.15,373.54,345.65,0.68
2024-11-20 15:40:53.909263,61.46,2351.3,39.73,171.73,288.03,3.25
2024-11-20 15:41:53.909263,65.81,3774.81,18.96,23.43,888.05,3.37
2024-11-20 15:42:53.909263,78.71,1878.68,148.0,14.42,182.35,0.75
2024-11-20 15:43:53.909263,42.68,2843.22,172.98,689.72,584.58,0.71
2024-11-20 15:44:53.909263,68.01,2594.28,177.87,969.3,543.84,0.33
2024-11-20 15:45:53.909263,44.51,3433.59,195.76,315.26,542.0,2.43
2024-11-20 15:46:53.909263,57.29,3156.26,14.03,585.48,130.07,1.85
2024-11-20 15:47:53.909263,30.19,2533.85,17.6,860.18,335.9,4.92
2024-11-20 15:48:53.909263,39.84,2441.45,168.43,86.22,526.2,2.79
2024-11-20 15:49:53.909263,38.08,3495.22,187.95,960.91,606.49,1.89
2024-11-20 15:50:53.909263,33.29,3939.46,36.83,98.24,639.71,0.18
2024-11-20 15:51:53.909263,35.57,3209.95,153.08,820.17,485.9,0.88
2024-11-20 15:52:53.909263,45.56,2843.69,119.8,856.84,802.44,0.97
2024-11-20 15:53:53.909263,47.74,2667.17,99.15,474.46,67.72,0.89
2024-11-20 15:54:53.909263,48.84,3671.21,128.87,240.43,845.31,4.69
2024-11-20 15:55:53.909263,58.33,1604.16,23.49,763.71,249.93,0.11
2024-11-20 15:56:53.909263,40.28,1397.56,146.94,725.22,283.43,4.26
2024-11-20 15:57:53.909263,68.77,3371.89,137.21,845.23,298.59,2.21
2024-11-20 15:58:53.909263,55.8,3818.95,157.13,994.43,897.13,1.27
2024-11-20 15:59:53.909263,63.99,1647.25,86.58,733.52,419.6,1.29
2024-11-20 16:00:53.909263,57.63,1691.72,39.74,820.65,984.49,2.68
2024-11-20 16:01:53.909263,54.01,3638.98,51.04,441.26,313.1,0.83
2024-11-20 16:02:53.909263,43.35,3675.54,195.81,488.52,638.57,2.55
2024-11-20 16:03:53.909263,57.34,1556.76,89.08,525.11,931.33,0.59
2024-11-20 16:04:53.909263,46.43,1221.42,24.6,609.46,831.98,0.3
2024-11-20 16:05:53.909263,66.78,1598.22,77.78,365.76,445.06,4.83
2024-11-20 16:06:53.909263,50.67,2650.09,20.36,233.08,624.82,0.68
2024-11-20 16:07:53.909263,48.08,3289.73,96.6,77.67,720.51,0.16
2024-11-20 16:08:53.909263,73.39,3035.03,156.54,932.96,499.7,2.42
2024-11-20 16:09:53.909263,55.54,3982.79,54.43,871.59,791.29,4.1
2024-11-20 16:10:53.909263,54.05,1395.69,145.43,506.53,905.15,2.87
2024-11-20 16:11:53.909263,64.83,3885.16,144.27,234.59,875.49,0.3
2024-11-20 16:12:53.909263,42.94,2010.86,186.26,150.58,957.92,4.42
2024-11-20 16:13:53.909263,48.93,3712.5,52.41,47.04,434.26,2.4
2024-11-20 16:14:53.909263,51.51,2523.23,127.62,72.59,586.23,4.3
2024-11-20 16:15:53.909263,64.03,4022.82,29.83,193.57,756.13,1.96
2024-11-20 16:16:53.909263,29.75,2397.25,156.74,246.84,594.25,1.09
2024-11-20 16:17:53.909263,53.47,1882.35,188.21,948.83,473.83,3.38
2024-11-20 16:18:53.909263,67.71,2570.64,158.73,803.39,446.79,1.92
2024-11-20 16:19:53.909263,62.51,2026.03,176.29,624.41,811.62,0.22
2024-11-20 16:20:53.909263,65.41,2894.14,113.13,704.59,927.35,3.13
2024-11-20 16:21:53.909263,45.55,1374.13,126.71,18.16,442.78,3.91
2024-11-20 16:22:53.909263,31.02,3223.42,11.02,669.61,452.49,0.17
2024-11-20 16:23:53.909263,15.61,3701.18,51.76,143.78,805.76,3.32
2024-11-20 16:24:53.909263,54.24,3684.68,10.56,63.42,954.85,1.57
2024-11-20 16:25:53.909263,40.8,3063.68,82.48,228.51,143.61,4.14
2024-11-20 16:26:53.909263,61.92,3412.46,179.71,412.15,90.2,2.29
2024-11-20 16:27:53.909263,32.81,3781.33,151.86,65.32,378.76,2.22
2024-11-20 16:28:53.909263,54.8,2583.6,125.22,596.76,985.72,4.21
2024-11-20 16:29:53.909263,25.46,1433.63,141.1,902.34,168.05,3.52
2024-11-20 16:30:53.909263,44.02,2133.95,53.2,394.96,550.78,0.05
2024-11-20 16:31:53.909263,76.87,2844.93,190.39,975.22,927.03,4.95
2024-11-20 16:32:53.909263,78.31,1898.08,51.86,780.63,319.08,2.34
2024-11-20 16:33:53.909263,55.93,2348.86,7.92,180.18,78.01,2.23
2024-11-20 16:34:53.909263,42.88,1386.08,92.98,122.93,770.0,0.36
2024-11-20 16:35:53.909263,49.68,1883.35,142.25,228.18,285.6,0.59
2024-11-20 16:36:53.909263,44.8,2479.43,178.5,639.47,746.49,1.35
2024-11-20 16:37:53.909263,46.05,2062.48,141.14,533.59,809.71,2.34
2024-11-20 16:38:53.909263,63.87,3529.15,39.86,358.55,147.08,1.52
2024-11-20 16:39:53.909263,43.39,1653.26,95.04,142.28,352.8,0.31
2024-11-20 16:40:53.909263,23.09,3202.17,33.85,493.71,119.22,1.35
2024-11-20 16:41:53.909263,25.0,2642.04,166.83,341.04,531.21,0.4
2024-11-20 16:42:53.909263,38.6,1859.82,156.32,683.71,479.5,2.44
2024-11-20 16:43:53.909263,48.88,2195.32,35.22,355.45,724.84,2.43
2024-11-20 16:44:53.909263,25.57,1511.53,160.33,136.58,761.07,0.71
2024-11-20 16:45:53.909263,32.98,2683.15,150.19,579.73,909.64,4.5
2024-11-20 16:46:53.909263,57.92,2824.93,78.51,778.27,523.47,3.88
2024-11-20 16:47:53.909263,45.29,2788.9,185.23,123.77,249.67,3.86
2024-11-20 16:48:53.909263,78.49,1731.17,26.46,199.31,296.07,4.87
2024-11-20 16:49:53.909263,52.61,1431.63,180.01,960.03,778.41,3.29
2024-11-20 16:50:53.909263,70.74,3557.71,169.49,125.26,67.4,0.44
2024-11-20 16:51:53.909263,55.85,4005.25,105.59,575.21,461.79,3.06
2024-11-20 16:52:53.909263,45.73,2792.28,147.48,390.54,203.41,2.49
2024-11-20 16:53:53.909263,31.63,2762.34,139.54,292.11,583.8,0.02
2024-11-20 16:54:53.909263,38.65,1609.98,134.32,917.49,234.45,0.76
2024-11-20 16:55:53.909263,54.97,2554.92,182.77,515.68,286.35,3.64
2024-11-20 16:56:53.909263,22.96,3285.54,117.18,856.22,179.16,0.28
2024-11-20 16:57:53.909263,38.65,2754.9,41.02,759.34,537.4,4.19
2024-11-20 16:58:53.909263,65.17,2399.23,138.61,737.86,488.42,4.81
2024-11-20 16:59:53.909263,39.33,1541.37,44.86,375.05,401.91,3.93
2024-11-20 17:00:53.909263,59.05,3135.81,7.02,482.36,402.21,0.35
2024-11-20 17:01:53.909263,39.7,2726.31,51.36,274.87,777.72,1.31
2024-11-20 17:02:53.909263,56.87,2265.09,197.96,856.6,290.62,3.65
2024-11-20 17:03:53.909263,47.75,2415.5,129.32,587.54,740.86,2.81
2024-11-20 17:04:53.909263,48.7,2249.38,36.17,292.83,98.38,4.6
2024-11-20 17:05:53.909263,45.54,2567.89,199.33,243.19,562.92,4.85
2024-11-20 17:06:53.909263,33.65,1651.24,29.82,564.87,339.59,1.7
2024-11-20 17:07:53.909263,70.21,3509.63,33.72,714.09,49.33,2.51
2024-11-20 17:08:53.909263,66.17,4022.5,57.66,858.9,625.44,2.75
2024-11-20 17:09:53.909263,38.38,3379.45,164.1,219.79,820.43,4.03
2024-11-20 17:10:53.909263,33.79,2243.22,125.44,586.19,280.17,2.37
2024-11-20 17:11:53.909263,30.23,3746.46,92.37,941.91,888.04,2.0
2024-11-20 17:12:53.909263,32.72,2215.83,173.93,446.63,123.98,2.3
2024-11-20 17:13:53.909263,60.73,2553.87,174.54,962.55,598.61,2.35
2024-11-20 17:14:53.909263,42.46,1581.82,91.55,209.55,512.04,2.36
2024-11-20 17:15:53.909263,68.57,3054.68,179.31,683.14,973.52,1.56
2024-11-20 17:16:53.909263,42.72,1579.42,196.04,430.68,169.54,4.35
2024-11-20 17:17:53.909263,42.64,2272.66,29.31,953.4,125.66,2.44
2024-11-20 17:18:53.909263,34.74,1348.95,85.03,107.87,381.35,1.95
2024-11-20 17:19:53.909263,46.22,3174.72,62.51,380.0,246.98,1.8
2024-11-20 17:20:53.909263,57.58,2967.62,71.23,136.97,195.71,3.1
2024-11-20 17:21:53.909263,54.81,1627.94,144.75,788.78,984.21,3.33
2024-11-20 17:22:53.909263,47.58,3358.75,116.79,741.68,692.28,3.63
2024-11-20 17:23:53.909263,32.65,3945.81,10.49,718.53,191.39,1.43
2024-11-20 17:24:53.909263,47.28,1153.16,7.07,165.99,568.71,0.62
2024-11-20 17:25:53.909263,49.36,1793.52,41.02,616.18,556.77,1.71
2024-11-20 17:26:53.909263,45.57,3660.92,117.14,839.97,817.83,3.72
2024-11-20 17:27:53.909263,44.64,3777.16,31.47,940.79,939.68,2.31
2024-11-20 17:28:53.909263,74.55,1107.08,140.6,827.49,23.59,0.77
2024-11-20 17:29:53.909263,49.59,2156.58,65.14,747.82,126.25,0.15
2024-11-20 17:30:53.909263,57.28,3244.71,198.45,997.36,946.45,2.73
2024-11-20 17:31:53.909263,61.31,3079.85,32.83,716.9,639.13,2.12
2024-11-20 17:32:53.909263,63.73,2414.05,11.87,161.15,908.61,2.35
2024-11-20 17:33:53.909263,36.82,2276.53,61.85,119.87,352.92,4.46
2024-11-20 17:34:53.909263,65.74,2924.65,82.72,626.82,422.63,0.49
2024-11-20 17:35:53.909263,46.79,1919.79,72.57,240.04,641.38,0.36
2024-11-20 17:36:53.909263,56.05,1903.68,33.31,877.3,709.92,1.43
2024-11-20 17:37:53.909263,45.11,3324.71,113.59,713.78,402.71,4.67
2024-11-20 17:38:53.909263,45.6,1222.99,99.24,206.02,709.3,3.73
2024-11-20 17:39:53.909263,43.93,1244.9,60.89,202.69,591.02,1.06
2024-11-20 17:40:53.909263,37.84,3265.33,102.07,662.07,892.03,3.85
2024-11-20 17:41:53.909263,20.23,4084.81,16.24,171.9,83.37,1.6
2024-11-20 17:42:53.909263,48.35,3996.99,43.02,533.75,763.39,1.86
2024-11-20 17:43:53.909263,60.9,1625.35,114.98,876.63,193.83,2.57
2024-11-20 17:44:53.909263,45.45,2394.24,100.37,544.58,477.95,3.33
2024-11-20 17:45:53.909263,40.63,1544.49,110.17,918.06,19.76,4.34
2024-11-20 17:46:53.909263,74.24,2351.65,138.94,12.15,889.71,2.94
2024-11-20 17:47:53.909263,49.87,1097.67,110.9,218.96,207.52,4.8
2024-11-20 17:48:53.909263,47.75,2506.91,28.37,281.93,721.83,1.68
2024-11-20 17:49:53.909263,31.32,1762.29,76.15,479.03,625.8,3.71
2024-11-20 17:50:53.909263,46.88,1407.22,165.79,56.84,286.68,4.76
2024-11-20 17:51:53.909263,39.49,3942.98,99.74,543.25,646.8,1.99
2024-11-20 17:52:53.909263,60.44,2532.53,136.93,531.28,33.99,3.08
2024-11-20 17:53:53.909263,80.84,1161.1,111.22,70.1,916.37,2.54
2024-11-20 17:54:53.909263,30.06,3613.63,110.8,923.09,918.81,4.88
2024-11-20 17:55:53.909263,58.63,1864.22,76.86,634.87,618.25,0.29
2024-11-20 17:56:53.909263,83.62,1400.9,164.69,239.78,188.42,3.02
2024-11-20 17:57:53.909263,25.63,1944.52,58.6,815.95,757.94,3.36
2024-11-20 17:58:53.909263,38.78,1793.51,123.48,616.07,465.32,1.93
2024-11-20 17:59:53.909263,41.64,3404.84,19.21,705.87,519.52,4.31
2024-11-20 18:00:53.909263,29.43,2326.76,155.3,523.98,556.54,0.66
2024-11-20 18:01:53.909263,62.5,3908.92,32.94,208.36,171.07,0.57
2024-11-20 18:02:53.909263,55.28,2173.36,189.09,662.37,909.36,3.35
2024-11-20 18:03:53.909263,64.41,1447.22,74.62,73.19,76.85,3.81
2024-11-20 18:04:53.909263,62.35,2244.47,116.99,904.06,936.94,0.8
2024-11-20 18:05:53.909263,34.74,2624.22,27.98,844.24,429.81,2.66
2024-11-20 18:06:53.909263,71.45,1824.1,73.59,959.26,98.91,4.39
2024-11-20 18:07:53.909263,60.55,3883.4,122.94,264.59,315.36,4.63
2024-11-20 18:08:53.909263,30.61,3051.79,152.22,652.26,976.74,1.36
2024-11-20 18:09:53.909263,66.84,3381.61,174.42,865.68,411.67,4.44
2024-11-20 18:10:53.909263,24.95,1465.74,142.02,69.34,749.14,1.82
2024-11-20 18:11:53.909263,48.45,2814.33,53.11,243.55,478.23,0.36
2024-11-20 18:12:53.909263,69.36,3565.24,138.87,620.06,805.47,3.18
2024-11-20 18:13:53.909263,22.03,3814.67,59.55,14.16,912.59,1.66
2024-11-20 18:14:53.909263,40.36,2571.42,87.59,556.8,650.16,2.68
2024-11-20 18:15:53.909263,43.25,2592.38,106.33,450.3,390.42,2.28
2024-11-20 18:16:53.909263,40.64,2162.66,193.06,202.81,747.65,2.43
2024-11-20 18:17:53.909263,47.7,1037.06,176.81,175.85,210.46,2.33
2024-11-20 18:18:53.909263,53.21,1139.78,44.46,637.89,941.36,4.21
2024-11-20 18:19:53.909263,69.78,2238.18,32.48,561.73,636.17,4.71
2024-11-20 18:20:53.909263,55.75,3568.97,163.25,663.8,373.16,3.28
2024-11-20 18:21:53.909263,50.76,1374.22,31.36,186.67,472.01,3.61
2024-11-20 18:22:53.909263,58.31,2170.48,79.03,608.71,456.07,2.48
2024-11-20 18:23:53.909263,36.06,2021.34,78.42,874.78,651.29,4.77
2024-11-20 18:24:53.909263,49.53,1036.96,52.36,766.93,336.2,0.46
2024-11-20 18:25:53.909263,51.71,1281.44,64.28,677.31,649.18,2.83
2024-11-20 18:26:53.909263,64.49,2518.22,171.59,842.73,421.46,1.2
2024-11-20 18:27:53.909263,54.51,1612.45,183.25,556.96,512.09,3.68
2024-11-20 18:28:53.909263,47.68,3001.85,51.99,838.6,354.17,2.34
2024-11-20 18:29:53.909263,56.07,3212.64,31.05,554.81,187.07,2.77
2024-11-20 18:30:53.909263,55.57,3497.83,160.16,626.86,588.54,1.82
2024-11-20 18:31:53.909263,57.14,2442.51,5.08,572.84,756.87,1.01
2024-11-20 18:32:53.909263,75.72,1670.25,58.98,496.9,990.55,4.05
2024-11-20 18:33:53.909263,54.76,3179.32,100.18,644.99,134.82,2.15
2024-11-20 18:34:53.909263,42.54,2425.05,64.45,951.03,472.33,3.97
2024-11-20 18:35:53.909263,41.68,1418.35,109.72,726.02,231.51,2.13
2024-11-20 18:36:53.909263,44.41,3989.71,195.43,652.18,206.59,2.94
2024-11-20 18:37:53.909263,46.52,3555.6,66.76,846.68,378.56,0.26
2024-11-20 18:38:53.909263,24.1,1858.38,191.48,856.1,491.23,2.06
2024-11-20 18:39:53.909263,35.42,2936.72,157.71,855.22,725.36,1.22
2024-11-20 18:40:53.909263,49.81,2983.67,155.57,177.23,261.38,0.25
2024-11-20 18:41:53.909263,48.97,2068.45,92.65,491.86,286.08,4.76
2024-11-20 18:42:53.909263,26.38,2266.77,156.71,879.06,534.81,3.04
2024-11-20 18:43:53.909263,53.9,1066.12,197.82,525.99,207.13,4.98
2024-11-20 18:44:53.909263,48.0,3561.78,21.97,71.79,524.72,0.75
2024-11-20 18:45:53.909263,49.57,3039.28,105.13,199.1,865.75,2.6
2024-11-20 18:46:53.909263,55.42,1362.21,111.19,221.28,793.05,0.95
2024-11-20 18:47:53.909263,44.5,3668.22,30.19,287.15,378.44,4.55
2024-11-20 18:48:53.909263,64.46,2565.77,56.74,506.42,918.79,4.24
2024-11-20 18:49:53.909263,48.69,2830.56,150.57,418.39,434.64,0.07
2024-11-20 18:50:53.909263,56.25,2339.0,136.8,756.0,897.12,1.91
2024-11-20 18:51:53.909263,33.42,3791.83,61.99,971.98,399.35,0.58
2024-11-20 18:52:53.909263,20.81,2202.91,21.56,27.45,157.52,0.33
2024-11-20 18:53:53.909263,60.38,2590.75,82.73,541.0,750.79,3.74
2024-11-20 18:54:53.909263,41.5,4092.73,199.55,147.52,604.45,2.59
2024-11-20 18:55:53.909263,28.82,3982.82,100.77,321.02,795.37,2.21
2024-11-20 18:56:53.909263,58.33,1691.64,164.01,608.12,434.18,4.61
2024-11-20 18:57:53.909263,52.4,3442.65,151.95,48.93,492.94,0.64
2024-11-20 18:58:53.909263,57.0,4071.74,62.44,356.16,801.1,4.54
2024-11-20 18:59:53.909263,31.08,1683.03,159.05,326.76,350.85,2.07
2024-11-20 19:00:53.909263,55.32,3862.37,94.39,455.86,852.67,3.36
2024-11-20 19:01:53.909263,16.65,3008.83,77.48,168.3,72.41,4.06
2024-11-20 19:02:53.909263,65.94,3081.87,157.36,590.6,162.6,0.92
2024-11-20 19:03:53.909263,24.6,3313.88,187.07,433.66,409.48,0.55
2024-11-20 19:04:53.909263,29.2,3601.46,102.11,198.28,980.48,4.88
2024-11-20 19:05:53.909263,60.12,2077.02,82.22,116.21,745.31,2.59
2024-11-20 19:06:53.909263,40.76,2763.48,121.46,605.26,21.65,3.8
2024-11-20 19:07:53.909263,65.04,3287.54,19.3,787.77,150.71,4.85
2024-11-20 19:08:53.909263,78.04,2992.09,100.87,805.3,799.09,2.45
2024-11-20 19:09:53.909263,9.89,3638.2,96.96,977.58,636.12,1.6
2024-11-20 19:10:53.909263,41.02,3780.38,159.16,164.92,214.71,4.32
2024-11-20 19:11:53.909263,45.49,2293.0,148.07,797.06,238.96,1.64
2024-11-20 19:12:53.909263,17.94,3787.36,14.56,418.9,429.51,2.45
2024-11-20 19:13:53.909263,52.9,3360.08,138.57,64.81,464.26,3.77
2024-11-20 19:14:53.909263,66.23,1950.78,113.65,752.6,828.44,2.93
2024-11-20 19:15:53.909263,29.14,2776.27,196.6,687.09,313.94,0.51
2024-11-20 19:16:53.909263,60.16,2524.42,125.81,558.79,658.46,1.87
2024-11-20 19:17:53.909263,29.31,2859.46,46.28,712.44,681.77,3.18
2024-11-20 19:18:53.909263,45.94,3539.34,197.8,180.73,859.75,0.89
2024-11-20 19:19:53.909263,45.25,3811.41,164.44,588.47,917.56,4.42
2024-11-20 19:20:53.909263,42.53,1540.06,99.7,752.38,133.2,1.69
2024-11-20 19:21:53.909263,67.29,4093.2,92.77,426.05,949.29,2.86
2024-11-20 19:22:53.909263,33.0,1291.99,7.09,578.09,635.71,0.17
2024-11-20 19:23:53.909263,65.51,2187.84,181.51,128.48,344.78,3.43
2024-11-20 19:24:53.909263,49.53,3252.7,156.94,682.52,349.89,2.07
2024-11-20 19:25:53.909263,52.63,3102.06,158.79,281.99,475.1,2.55
2024-11-20 19:26:53.909263,22.92,3938.39,98.92,220.66,387.96,1.19
2024-11-20 19:27:53.909263,40.81,3482.14,47.7,210.84,120.4,4.5
2024-11-20 19:28:53.909263,21.46,2507.26,143.08,723.15,270.21,0.18
2024-11-20 19:29:53.909263,48.41,1947.69,178.5,133.12,887.03,1.16
2024-11-20 19:30:53.909263,22.52,2162.36,77.53,223.96,481.53,2.35
2024-11-20 19:31:53.909263,52.77,3408.15,84.31,162.31,195.65,1.64
2024-11-20 19:32:53.909263,63.41,1605.67,184.83,197.91,426.62,4.88
2024-11-20 19:33:53.909263,53.92,1386.31,74.89,22.22,327.62,2.85
2024-11-20 19:34:53.909263,53.91,1781.3,91.53,803.32,911.4,3.64
2024-11-20 19:35:53.909263,54.91,3559.96,187.84,956.66,332.32,4.89
2024-11-20 19:36:53.909263,57.8,3421.42,120.01,911.38,298.53,0.83
2024-11-20 19:37:53.909263,34.25,1594.79,141.2,530.22,715.57,2.74
2024-11-20 19:38:53.909263,53.36,3806.03,183.94,86.9,965.97,1.07
2024-11-20 19:39:53.909263,51.42,1063.0,105.67,371.46,974.4,2.2
2024-11-20 19:40:53.909263,45.97,1862.32,185.74,869.96,209.66,4.18
2024-11-20 19:41:53.909263,65.32,2445.5,127.14,441.96,513.76,3.36
2024-11-20 19:42:53.909263,40.15,3859.84,48.58,991.33,653.51,1.58
2024-11-20 19:43:53.909263,68.02,3711.0,176.91,769.26,909.44,2.93
2024-11-20 19:44:53.909263,51.28,2518.29,199.43,418.93,514.89,2.46
2024-11-20 19:45:53.909263,48.02,3365.44,96.81,210.86,286.18,0.52
2024-11-20 19:46:53.909263,54.46,1049.0,134.73,754.55,158.41,1.41
2024-11-20 19:47:53.909263,-4.99,1024.59,126.86,282.22,471.25,1.88
2024-11-20 19:48:53.909263,50.91,2892.1,49.43,819.49,955.45,1.56
2024-11-20 19:49:53.909263,54.68,3024.18,124.03,453.6,749.03,0.4
2024-11-20 19:50:53.909263,41.02,2985.36,112.23,589.69,786.79,3.31
2024-11-20 19:51:53.909263,57.9,3897.27,55.64,647.03,617.07,4.37
2024-11-20 19:52:53.909263,48.72,1903.21,145.12,720.92,417.29,1.05
2024-11-20 19:53:53.909263,56.17,1479.54,50.78,536.08,622.28,4.14
2024-11-20 19:54:53.909263,55.88,1769.96,97.77,675.77,956.02,0.05
2024-11-20 19:55:53.909263,44.83,1529.47,181.33,129.96,246.81,3.0
2024-11-20 19:56:53.909263,44.08,1537.11,120.74,502.05,265.69,0.84
2024-11-20 19:57:53.909263,53.59,1509.21,158.52,374.95,293.81,4.46
2024-11-20 19:58:53.909263,30.88,1467.7,87.34,584.59,982.15,0.1
2024-11-20 19:59:53.909263,40.1,2179.77,158.62,289.53,909.2,4.24
2024-11-20 20:00:53.909263,50.55,2475.99,36.46,872.58,478.69,4.27
2024-11-20 20:01:53.909263,32.93,3589.2,121.35,630.35,322.62,2.12
2024-11-20 20:02:53.909263,59.72,3851.03,22.82,540.37,936.77,0.47
2024-11-20 20:03:53.909263,80.8,2514.31,191.02,150.32,926.81,4.02
2024-11-20 20:04:53.909263,27.2,1164.12,108.87,343.53,619.42,3.88
2024-11-20 20:05:53.909263,33.77,1923.71,38.61,167.43,719.01,3.25
2024-11-20 20:06:53.909263,31.31,3028.91,159.85,605.22,630.88,4.0
2024-11-20 20:07:53.909263,45.82,1822.92,161.43,298.7,891.08,2.28
2024-11-20 20:08:53.909263,67.71,1430.32,139.4,431.74,71.75,4.58
2024-11-20 20:09:53.909263,69.0,2559.4,104.76,10.39,957.15,4.23
2024-11-20 20:10:53.909263,26.22,2438.54,78.76,359.1,214.74,2.22
2024-11-20 20:11:53.909263,58.42,1066.45,157.26,85.54,508.32,2.56
2024-11-20 20:12:53.909263,44.28,1929.62,30.01,627.69,880.96,4.77
2024-11-20 20:13:53.909263,62.07,3195.7,42.52,550.43,476.19,0.33
2024-11-20 20:14:53.909263,85.79,3650.72,144.03,327.72,319.36,3.59
2024-11-20 20:15:53.909263,29.1,1587.39,61.24,701.22,345.86,1.54
2024-11-20 20:16:53.909263,52.84,1974.05,123.68,346.94,577.51,0.53
2024-11-20 20:17:53.909263,59.62,3254.74,130.68,658.84,791.7,1.23
2024-11-20 20:18:53.909263,48.5,1025.21,63.96,827.81,43.7,3.96
2024-11-20 20:19:53.909263,47.59,3563.17,50.04,907.19,229.32,3.16
2024-11-20 20:20:53.909263,43.09,1514.62,177.54,504.13,287.52,2.65
2024-11-20 20:21:53.909263,35.77,3653.88,62.36,220.42,978.07,3.52
2024-11-20 20:22:53.909263,55.4,2853.98,90.81,198.82,894.12,4.72
2024-11-20 20:23:53.909263,54.28,2551.39,19.08,984.56,386.59,3.06
2024-11-20 20:24:53.909263,66.61,3601.4,103.07,677.49,61.41,4.42
2024-11-20 20:25:53.909263,48.97,2104.43,109.55,87.99,833.32,0.21
2024-11-20 20:26:53.909263,60.86,3205.69,140.32,181.3,506.75,2.4
2024-11-20 20:27:53.909263,39.64,1721.2,72.83,529.16,154.39,3.24
2024-11-20 20:28:53.909263,37.0,3617.8,74.12,289.26,649.19,4.78
2024-11-20 20:29:53.909263,28.53,2496.17,17.06,959.63,161.63,2.41
2024-11-20 20:30:53.909263,46.19,2643.68,159.21,174.24,781.45,2.57
2024-11-20 20:31:53.909263,49.92,2921.6,18.2,240.99,263.97,0.97
2024-11-20 20:32:53.909263,25.36,3640.46,35.33,992.45,754.45,4.64
2024-11-20 20:33:53.909263,31.15,1333.98,197.42,329.45,338.54,1.29
2024-11-20 20:34:53.909263,55.63,1959.27,96.04,611.31,837.99,2.11
2024-11-20 20:35:53.909263,62.34,1679.49,37.78,715.44,701.23,1.87
2024-11-20 20:36:53.909263,44.08,1177.89,37.04,241.84,823.07,1.42
2024-11-20 20:37:53.909263,57.85,3836.47,142.48,160.56,180.49,0.07
2024-11-20 20:38:53.909263,71.71,3595.29,65.7,480.16,418.14,0.03
2024-11-20 20:39:53.909263,45.55,1806.33,141.29,396.97,872.71,4.1
2024-11-20 20:40:53.909263,60.83,1684.73,185.73,675.59,417.04,4.39
2024-11-20 20:41:53.909263,54.04,2977.91,89.61,383.07,425.92,3.39
2024-11-20 20:42:53.909263,46.91,2078.73,12.53,891.89,122.68,1.22
2024-11-20 20:43:53.909263,26.68,1089.56,111.35,550.11,183.15,1.96
2024-11-20 20:44:53.909263,71.12,3099.81,78.08,636.63,444.92,1.19
2024-11-20 20:45:53.909263,22.47,3458.16,60.79,497.86,900.4,2.8
2024-11-20 20:46:53.909263,47.05,1585.11,165.89,623.51,650.95,1.37
2024-11-20 20:47:53.909263,53.69,3281.45,160.19,565.66,823.66,2.51
2024-11-20 20:48:53.909263,29.59,2038.74,185.33,278.91,220.96,1.12
2024-11-20 20:49:53.909263,66.18,2740.17,182.28,778.77,400.97,4.65
2024-11-20 20:50:53.909263,80.96,3647.98,39.83,614.49,558.47,2.58
2024-11-20 20:51:53.909263,67.68,1225.15,152.96,737.91,514.06,1.99
2024-11-20 20:52:53.909263,75.74,3963.42,141.25,665.91,519.05,3.79
2024-11-20 20:53:53.909263,48.76,1790.94,122.85,979.52,906.59,4.91
2024-11-20 20:54:53.909263,38.96,1204.27,18.42,436.05,624.38,2.52
2024-11-20 20:55:53.909263,24.15,4077.45,115.76,271.04,120.33,4.95
2024-11-20 20:56:53.909263,59.69,3845.95,52.11,687.29,503.64,4.35
2024-11-20 20:57:53.909263,32.64,2792.72,122.16,229.2,505.53,1.03
2024-11-20 20:58:53.909263,69.56,4063.84,188.57,521.93,216.27,1.21
2024-11-20 20:59:53.909263,24.84,1929.73,147.96,10.63,55.88,4.77
2024-11-20 21:00:53.909263,57.58,3684.62,152.65,134.35,972.56,0.68
2024-11-20 21:01:53.909263,68.71,4018.91,105.68,536.46,513.71,0.22
2024-11-20 21:02:53.909263,45.36,1761.77,34.87,987.99,30.29,4.5
2024-11-20 21:03:53.909263,35.44,2943.11,79.94,942.91,50.16,4.54
2024-11-20 21:04:53.909263,51.13,1794.85,68.53,984.73,926.84,3.21
2024-11-20 21:05:53.909263,65.08,1289.55,88.19,460.14,259.41,3.94
2024-11-20 21:06:53.909263,47.34,1172.01,86.79,576.52,782.3,4.06
2024-11-20 21:07:53.909263,51.89,2976.32,91.29,685.47,981.46,1.49
2024-11-20 21:08:53.909263,43.99,1746.46,90.49,699.29,767.01,2.58
2024-11-20 21:09:53.909263,64.7,1757.84,8.18,504.08,478.73,1.0
2024-11-20 21:10:53.909263,56.71,3737.87,88.46,404.32,791.88,1.03
2024-11-20 21:11:53.909263,33.89,1265.22,130.05,744.29,570.81,0.49
2024-11-20 21:12:53.909263,40.82,2619.3,156.46,354.89,521.04,1.07
2024-11-20 21:13:53.909263,25.28,1179.7,84.48,812.72,507.9,3.88
2024-11-20 21:14:53.909263,46.12,2639.44,116.77,108.96,936.98,2.36
2024-11-20 21:15:53.909263,56.79,2072.88,121.68,610.46,556.3,1.17
2024-11-20 21:16:53.909263,45.52,3259.27,16.46,877.74,742.18,3.22
2024-11-20 21:17:53.909263,70.76,2996.83,130.27,154.58,122.07,1.07
2024-11-20 21:18:53.909263,76.99,2300.35,58.54,932.74,739.57,1.17
2024-11-20 21:19:53.909263,58.92,3775.89,137.24,413.88,527.55,3.98
2024-11-20 21:20:53.909263,63.62,2323.69,169.02,896.8,436.15,1.48
2024-11-20 21:21:53.909263,28.29,3070.43,142.64,305.33,360.28,3.54
2024-11-20 21:22:53.909263,39.31,3341.06,183.2,383.69,276.33,0.71
2024-11-20 21:23:53.909263,78.3,3256.83,82.17,567.47,249.37,3.26
2024-11-20 21:24:53.909263,54.73,1985.64,9.72,935.99,855.11,3.53
2024-11-20 21:25:53.909263,68.84,2253.94,146.57,359.8,756.06,0.71
2024-11-20 21:26:53.909263,85.18,3541.98,139.81,952.52,922.13,1.47
2024-11-20 21:27:53.909263,43.84,1470.8,162.47,228.78,946.99,1.47
2024-11-20 21:28:53.909263,44.71,2923.44,91.27,86.54,49.39,4.22
2024-11-20 21:29:53.909263,35.58,1689.28,67.91,767.86,238.95,0.19
2024-11-20 21:30:53.909263,84.4,3358.86,179.92,740.14,913.75,1.57
2024-11-20 21:31:53.909263,55.29,1725.82,96.07,624.33,865.61,0.57
2024-11-20 21:32:53.909263,41.0,1755.39,69.27,768.23,609.78,1.01
2024-11-20 21:33:53.909263,79.1,1664.72,197.08,64.46,377.29,2.68
2024-11-20 21:34:53.909263,70.15,2550.67,141.71,758.69,937.45,4.63
2024-11-20 21:35:53.909263,49.07,1418.14,44.23,396.72,285.66,4.36
2024-11-20 21:36:53.909263,59.73,3834.54,185.84,357.39,623.24,0.64
2024-11-20 21:37:53.909263,40.6,1477.66,172.76,712.9,249.25,2.17
2024-11-20 21:38:53.909263,38.41,2532.63,36.07,486.97,991.97,3.68
2024-11-20 21:39:53.909263,50.25,3666.13,33.45,873.54,226.69,0.78
2024-11-20 21:40:53.909263,46.08,2750.87,65.22,678.71,160.11,2.52
2024-11-20 21:41:53.909263,59.93,4045.82,169.57,219.62,459.57,0.27
2024-11-20 21:42:53.909263,41.39,1515.21,183.92,501.69,573.56,0.5
2024-11-20 21:43:53.909263,40.88,2457.22,38.76,726.82,171.57,4.78
2024-11-20 21:44:53.909263,43.99,3317.9,174.78,93.65,961.04,4.59
2024-11-20 21:45:53.909263,41.05,3179.65,19.09,216.49,982.1,4.43
2024-11-20 21:46:53.909263,44.98,2248.81,166.29,683.06,616.53,3.12
2024-11-20 21:47:53.909263,65.03,3792.68,137.13,104.43,240.91,3.42
2024-11-20 21:48:53.909263,49.98,1633.48,49.98,484.84,724.82,4.98
2024-11-20 21:49:53.909263,70.76,2032.96,130.24,406.29,640.11,4.48
2024-11-20 21:50:53.909263,61.37,1321.16,40.74,117.92,455.04,2.88
2024-11-20 21:51:53.909263,71.14,3881.13,24.98,306.68,906.39,2.19
2024-11-20 21:52:53.909263,41.18,1125.73,182.14,300.78,870.46,0.98
2024-11-20 21:53:53.909263,21.1,3670.19,30.32,210.73,106.66,4.98
2024-11-20 21:54:53.909263,63.71,3613.18,33.47,363.4,60.66,1.87
2024-11-20 21:55:53.909263,46.64,1246.85,129.75,460.28,732.5,3.67
2024-11-20 21:56:53.909263,48.68,2438.49,153.67,28.53,620.95,1.41
2024-11-20 21:57:53.909263,23.15,1068.92,139.41,558.62,542.38,3.57
2024-11-20 21:58:53.909263,49.87,1065.0,118.59,719.25,171.21,1.65
2024-11-20 21:59:53.909263,57.25,1106.13,6.22,828.92,165.2,0.57
2024-11-20 22:00:53.909263,79.26,2361.69,131.2,305.1,389.22,3.95
2024-11-20 22:01:53.909263,45.28,1235.62,75.01,825.84,881.86,1.59
2024-11-20 22:02:53.909263,45.39,1168.13,67.48,692.87,728.48,4.8
2024-11-20 22:03:53.909263,42.34,3848.67,75.22,734.24,720.13,4.3
2024-11-20 22:04:53.909263,73.92,3736.01,62.0,628.25,658.21,3.35
2024-11-20 22:05:53.909263,53.58,1539.73,5.45,694.42,92.03,2.25
2024-11-20 22:06:53.909263,30.97,2228.37,41.38,646.36,290.94,1.2
2024-11-20 22:07:53.909263,26.49,2330.58,88.69,676.16,921.88,0.88
2024-11-20 22:08:53.909263,56.89,1914.66,110.37,474.89,138.81,0.94
2024-11-20 22:09:53.909263,50.79,4085.34,193.48,946.84,995.98,0.29
2024-11-20 22:10:53.909263,67.64,2105.27,142.23,272.72,818.33,0.73
2024-11-20 22:11:53.909263,59.02,2797.96,5.8,349.15,13.66,1.62
2024-11-20 22:12:53.909263,64.65,2929.0,169.55,444.07,308.18,0.83
2024-11-20 22:13:53.909263,57.66,1506.42,28.06,112.14,576.57,4.53
2024-11-20 22:14:53.909263,60.09,1287.96,180.08,327.18,370.29,4.19
2024-11-20 22:15:53.909263,41.63,3090.53,71.73,829.58,870.91,3.37
2024-11-20 22:16:53.909263,57.57,3276.87,33.08,64.22,401.21,3.01
2024-11-20 22:17:53.909263,24.95,3880.78,113.55,426.8,920.31,4.26
2024-11-20 22:18:53.909263,46.34,2988.46,49.61,906.13,174.95,0.11
2024-11-20 22:19:53.909263,56.03,3532.53,129.94,652.43,758.85,0.86
2024-11-20 22:20:53.909263,74.03,1288.54,94.64,962.23,790.43,0.78
2024-11-20 22:21:53.909263,62.73,4027.18,108.88,914.92,777.24,2.37
2024-11-20 22:22:53.909263,80.2,3970.78,104.56,440.3,424.83,2.69
2024-11-20 22:23:53.909263,53.11,4029.06,38.84,635.61,292.22,4.56
2024-11-20 22:24:53.909263,36.63,1332.81,192.49,798.5,111.53,1.74
2024-11-20 22:25:53.909263,38.52,1350.19,92.69,422.57,151.24,4.94
2024-11-20 22:26:53.909263,25.8,1300.88,57.77,22.24,315.86,4.37
2024-11-20 22:27:53.909263,19.07,1973.35,96.9,898.46,844.82,3.59
2024-11-20 22:28:53.909263,57.34,1765.2,173.69,524.91,495.96,1.65
2024-11-20 22:29:53.909263,59.56,1834.01,147.94,400.45,323.56,4.29
2024-11-20 22:30:53.909263,50.68,1375.04,33.5,132.13,872.62,3.03
2024-11-20 22:31:53.909263,53.35,2324.95,25.45,207.24,242.37,4.69
2024-11-20 22:32:53.909263,37.94,3345.52,122.89,689.82,369.36,4.41
2024-11-20 22:33:53.909263,53.97,3392.23,196.83,117.38,445.56,2.67
2024-11-20 22:34:53.909263,34.93,1256.48,47.39,192.48,984.99,4.47
2024-11-20 22:35:53.909263,55.3,3485.73,164.27,910.18,439.29,4.51
2024-11-20 22:36:53.909263,46.02,2251.7,123.18,511.7,648.28,3.21
2024-11-20 22:37:53.909263,54.36,1994.12,164.38,89.4,504.88,0.31
2024-11-20 22:38:53.909263,42.07,1365.49,141.44,119.5,833.47,1.66
2024-11-20 22:39:53.909263,59.52,3655.29,13.58,31.11,699.25,0.5
2024-11-20 22:40:53.909263,36.96,2259.46,79.27,167.51,558.41,2.81
2024-11-20 22:41:53.909263,47.05,1346.87,179.46,413.4,509.56,0.19
2024-11-20 22:42:53.909263,27.79,4024.71,80.73,339.38,933.28,2.0
2024-11-20 22:43:53.909263,37.6,2801.84,57.17,292.91,963.72,0.9
2024-11-20 22:44:53.909263,59.11,1195.24,159.57,72.59,78.42,1.44
2024-11-20 22:45:53.909263,31.48,2983.21,78.18,769.74,834.35,3.82
2024-11-20 22:46:53.909263,43.32,2754.89,186.59,439.08,386.02,4.09
2024-11-20 22:47:53.909263,63.33,1981.09,186.62,517.16,290.66,3.94
2024-11-20 22:48:53.909263,68.76,2758.28,144.45,909.81,213.24,0.48
2024-11-20 22:49:53.909263,36.27,3036.41,48.59,327.07,709.36,4.0
2024-11-20 22:50:53.909263,55.45,1909.96,119.89,936.66,65.46,0.76
2024-11-20 22:51:53.909263,32.99,2602.04,105.57,923.22,685.37,1.61
2024-11-20 22:52:53.909263,30.36,2831.79,5.54,478.01,213.09,0.0
2024-11-20 22:53:53.909263,45.13,3732.9,111.18,396.54,876.64,2.74
2024-11-20 22:54:53.909263,38.52,1356.36,151.76,590.21,248.8,4.14
2024-11-20 22:55:53.909263,46.77,2135.34,86.28,236.37,975.53,1.99
2024-11-20 22:56:53.909263,67.39,1455.74,154.76,312.18,223.86,3.53
2024-11-20 22:57:53.909263,38.04,3847.61,106.65,391.16,587.69,2.45
2024-11-20 22:58:53.909263,48.69,3373.73,104.37,646.34,163.38,3.25
2024-11-20 22:59:53.909263,63.58,2717.65,92.9,252.49,847.98,0.72
2024-11-20 23:00:53.909263,45.86,3747.58,136.83,910.02,424.01,4.83
2024-11-20 23:01:53.909263,43.23,3991.67,80.66,880.32,256.94,4.36
2024-11-20 23:02:53.909263,59.93,1725.34,94.35,385.28,610.42,3.94
2024-11-20 23:03:53.909263,54.68,1372.72,15.15,549.24,496.96,0.59
2024-11-20 23:04:53.909263,49.2,2763.18,121.18,268.1,298.72,4.21
2024-11-20 23:05:53.909263,57.01,3992.8,32.96,151.12,12.96,4.51
2024-11-20 23:06:53.909263,11.28,3748.98,124.24,759.66,48.33,0.87
2024-11-20 23:07:53.909263,34.12,3660.65,150.81,578.67,84.72,4.05
2024-11-20 23:08:53.909263,37.94,2036.83,44.39,21.39,232.45,4.82
2024-11-20 23:09:53.909263,55.6,2820.32,160.29,50.88,375.96,2.18
2024-11-20 23:10:53.909263,45.85,1542.9,81.69,865.54,582.22,3.76
2024-11-20 23:11:53.909263,46.99,4028.28,42.65,425.24,626.87,1.99
2024-11-20 23:12:53.909263,78.67,2080.39,98.59,540.16,163.62,2.46
2024-11-20 23:13:53.909263,46.8,2152.36,192.84,149.25,135.85,3.67
2024-11-20 23:14:53.909263,72.81,3904.0,17.89,216.21,546.99,0.56
2024-11-20 23:15:53.909263,8.57,1435.72,94.04,244.35,891.13,3.24
2024-11-20 23:16:53.909263,67.55,1908.73,144.13,20.01,417.86,0.23
2024-11-20 23:17:53.909263,59.69,1161.51,166.35,369.33,776.04,3.43
2024-11-20 23:18:53.909263,44.59,3577.98,16.1,431.4,815.5,0.4
2024-11-20 23:19:53.909263,11.19,1262.19,170.58,574.81,985.76,0.6
2024-11-20 23:20:53.909263,75.55,2942.91,15.52,622.45,578.82,3.42
2024-11-20 23:21:53.909263,35.77,1080.39,103.57,16.34,600.11,4.88
2024-11-20 23:22:53.909263,36.84,3172.36,103.54,175.76,275.19,0.75
2024-11-20 23:23:53.909263,81.06,2343.63,114.84,776.09,193.56,2.88
2024-11-20 23:24:53.909263,35.24,1860.89,162.7,380.22,709.07,1.76
2024-11-20 23:25:53.909263,49.16,3856.11,72.65,296.82,984.71,4.54
2024-11-20 23:26:53.909263,43.78,2313.61,62.75,564.33,830.15,3.6
2024-11-20 23:27:53.909263,78.63,3638.94,26.47,124.89,11.62,2.44
2024-11-20 23:28:53.909263,19.19,2942.77,172.39,420.43,566.36,1.68
2024-11-20 23:29:53.909263,32.15,3505.92,50.69,344.63,563.65,2.79
2024-11-20 23:30:53.909263,37.64,1528.2,25.91,960.9,171.98,4.69
2024-11-20 23:31:53.909263,32.72,1504.96,77.02,800.61,766.89,3.25
2024-11-20 23:32:53.909263,59.17,2102.58,165.8,601.87,500.28,2.11
2024-11-20 23:33:53.909263,44.59,2256.99,77.91,841.08,308.74,0.22
2024-11-20 23:34:53.909263,56.63,2467.77,180.83,128.47,230.79,3.18
2024-11-20 23:35:53.909263,55.44,3286.17,161.96,238.86,262.4,2.68
2024-11-20 23:36:53.909263,53.65,1407.99,196.74,104.6,230.39,1.07
2024-11-20 23:37:53.909263,69.85,1667.05,110.6,302.21,172.09,2.9
2024-11-20 23:38:53.909263,66.47,1647.55,137.4,132.79,814.41,4.99
2024-11-20 23:39:53.909263,39.84,1146.97,149.75,702.5,512.9,2.73
2024-11-20 23:40:53.909263,52.85,2538.85,193.48,913.69,980.57,2.35
2024-11-20 23:41:53.909263,38.8,3315.15,133.9,620.21,700.45,0.23
2024-11-20 23:42:53.909263,30.35,3709.48,138.96,880.32,581.37,0.66
2024-11-20 23:43:53.909263,69.05,2740.5,154.95,638.38,669.48,3.68
2024-11-20 23:44:53.909263,72.55,2425.45,10.97,568.07,972.02,1.47
2024-11-20 23:45:53.909263,40.1,2971.83,90.22,645.24,565.97,0.43
2024-11-20 23:46:53.909263,27.93,3454.47,156.01,347.57,216.17,4.21
2024-11-20 23:47:53.909263,47.82,3884.47,106.64,92.3,500.7,0.16
2024-11-20 23:48:53.909263,50.56,2660.46,132.43,440.67,300.68,3.34
2024-11-20 23:49:53.909263,63.78,1229.99,109.33,356.77,130.88,1.55
2024-11-20 23:50:53.909263,46.55,3517.72,119.34,689.71,752.03,0.87
2024-11-20 23:51:53.909263,42.06,2627.62,155.12,724.56,298.96,1.26
2024-11-20 23:52:53.909263,52.83,1719.69,101.25,219.75,69.68,2.1
2024-11-20 23:53:53.909263,86.82,1714.28,38.16,258.0,157.42,1.42
2024-11-20 23:54:53.909263,60.11,2454.86,153.33,935.47,800.85,3.1
2024-11-20 23:55:53.909263,49.98,3366.33,19.73,164.49,782.92,2.3
2024-11-20 23:56:53.909263,22.17,2749.88,198.99,992.12,49.67,1.54
2024-11-20 23:57:53.909263,38.54,3703.01,43.03,433.27,27.34,4.48
2024-11-20 23:58:53.909263,57.9,4081.21,111.73,411.64,741.41,3.64
2024-11-20 23:59:53.909263,30.86,4026.42,10.64,25.65,356.24,3.44
2024-11-21 00:00:53.909263,60.26,2777.85,41.78,218.87,784.72,3.76
2024-11-21 00:01:53.909263,55.45,2448.67,151.36,536.96,359.49,2.38
2024-11-21 00:02:53.909263,52.9,1365.88,20.9,949.03,17.01,3.43
2024-11-21 00:03:53.909263,49.03,3684.51,134.58,922.84,310.48,4.15
2024-11-21 00:04:53.909263,65.93,2444.1,34.8,239.35,226.7,0.02
2024-11-21 00:05:53.909263,48.94,2886.69,86.45,336.8,502.49,4.16
2024-11-21 00:06:53.909263,45.27,2608.46,178.88,933.0,456.45,1.11
2024-11-21 00:07:53.909263,31.44,3494.99,61.4,818.12,216.0,0.12
2024-11-21 00:08:53.909263,54.23,4007.83,93.48,339.92,959.4,1.24
2024-11-21 00:09:53.909263,65.71,2713.92,142.48,344.06,774.87,3.95
2024-11-21 00:10:53.909263,61.01,3204.27,92.57,168.58,866.87,1.27
2024-11-21 00:11:53.909263,53.93,2314.15,136.5,806.65,834.51,4.17
2024-11-21 00:12:53.909263,62.75,3574.82,179.5,374.14,449.94,2.61
2024-11-21 00:13:53.909263,42.21,2533.51,120.21,349.98,369.36,4.99
2024-11-21 00:14:53.909263,44.15,2824.92,127.87,126.91,981.22,0.37
2024-11-21 00:15:53.909263,54.67,2265.6,87.96,394.84,704.71,4.5
2024-11-21 00:16:53.909263,81.19,1577.48,146.87,588.79,470.56,4.38
2024-11-21 00:17:53.909263,39.65,3941.74,8.98,417.22,633.86,3.25
2024-11-21 00:18:53.909263,22.82,2350.26,194.24,826.82,215.45,3.49
2024-11-21 00:19:53.909263,72.83,1379.14,154.32,575.53,126.14,1.81
2024-11-21 00:20:53.909263,56.75,1599.47,95.08,382.36,743.39,3.71
2024-11-21 00:21:53.909263,62.49,2336.52,113.77,390.96,236.78,0.24
2024-11-21 00:22:53.909263,57.08,1998.14,185.11,617.17,733.62,2.64
2024-11-21 00:23:53.909263,41.09,3566.95,114.02,177.55,723.48,1.22
2024-11-21 00:24:53.909263,53.54,1180.12,86.04,266.53,746.18,4.18
2024-11-21 00:25:53.909263,54.24,3229.01,192.08,35.11,758.17,1.77
2024-11-21 00:26:53.909263,27.13,2967.53,159.24,374.24,674.17,4.59
2024-11-21 00:27:53.909263,40.98,1763.47,81.7,454.32,838.6,4.43
2024-11-21 00:28:53.909263,43.04,1247.31,12.28,379.46,646.85,4.6
2024-11-21 00:29:53.909263,61.74,3799.73,133.0,787.26,459.15,3.49
2024-11-21 00:30:53.909263,53.13,3180.82,143.95,448.54,288.94,4.77
2024-11-21 00:31:53.909263,48.82,1709.21,161.6,821.43,664.97,0.21
2024-11-21 00:32:53.909263,63.65,1753.95,12.63,147.36,955.74,4.08
2024-11-21 00:33:53.909263,78.65,1735.83,20.57,648.72,879.83,3.36
2024-11-21 00:34:53.909263,70.35,1148.72,67.64,261.84,151.97,4.45
2024-11-21 00:35:53.909263,68.12,3398.66,18.48,530.76,790.1,3.54
2024-11-21 00:36:53.909263,62.92,1716.72,195.97,605.02,190.14,1.14
2024-11-21 00:37:53.909263,31.93,1093.22,8.97,402.62,577.44,4.94
2024-11-21 00:38:53.909263,79.69,2400.03,30.82,254.61,972.16,4.24
2024-11-21 00:39:53.909263,25.58,2888.83,175.51,464.34,42.01,3.49
2024-11-21 00:40:53.909263,46.25,1110.31,180.18,697.36,134.95,2.7
2024-11-21 00:41:53.909263,41.45,2975.74,21.96,340.75,716.71,1.87
2024-11-21 00:42:53.909263,70.65,1358.73,40.96,995.12,175.91,0.35
2024-11-21 00:43:53.909263,71.05,3447.26,87.12,803.53,361.51,2.65
2024-11-21 00:44:53.909263,48.27,3477.02,105.94,688.18,780.67,3.74
2024-11-21 00:45:53.909263,53.78,2472.28,16.3,666.62,313.69,4.64
2024-11-21 00:46:53.909263,33.37,3201.68,137.7,246.33,854.31,0.33
2024-11-21 00:47:53.909263,37.83,4053.09,45.51,594.43,931.61,1.52
2024-11-21 00:48:53.909263,81.16,3779.22,60.9,705.26,25.82,0.25
2024-11-21 00:49:53.909263,66.26,2879.5,102.88,853.69,534.69,4.62
2024-11-21 00:50:53.909263,45.82,1160.78,43.52,800.76,867.84,3.73
2024-11-21 00:51:53.909263,41.19,3600.98,194.05,737.22,305.45,2.32
2024-11-21 00:52:53.909263,63.47,2979.97,103.86,408.05,124.1,0.82
2024-11-21 00:53:53.909263,51.05,3883.45,138.39,243.3,666.93,2.18
2024-11-21 00:54:53.909263,56.13,3319.69,14.77,55.14,544.14,2.04
2024-11-21 00:55:53.909263,55.46,2562.14,181.9,740.03,144.26,4.92
2024-11-21 00:56:53.909263,54.12,1344.03,137.94,137.99,682.27,2.57
2024-11-21 00:57:53.909263,70.97,2165.77,57.47,496.22,595.35,0.45
2024-11-21 00:58:53.909263,38.08,2444.92,5.56,179.29,818.62,2.55
2024-11-21 00:59:53.909263,28.17,3217.29,187.05,822.29,580.54,0.06
2024-11-21 01:00:53.909263,62.62,1558.65,71.07,906.04,911.08,3.79
2024-11-21 01:01:53.909263,54.87,3613.38,134.75,681.89,98.89,4.03
2024-11-21 01:02:53.909263,40.15,2084.93,144.82,258.6,573.87,4.49
2024-11-21 01:03:53.909263,53.16,3898.56,7.27,761.91,743.16,2.61
2024-11-21 01:04:53.909263,46.38,2903.49,139.29,775.71,708.32,1.32
2024-11-21 01:05:53.909263,37.7,2333.52,70.72,91.83,564.32,0.05
2024-11-21 01:06:53.909263,95.33,3685.7,178.99,133.55,423.18,3.54
2024-11-21 01:07:53.909263,35.55,1892.88,53.23,143.39,589.13,4.58
2024-11-21 01:08:53.909263,35.76,1427.98,183.61,295.06,760.11,3.73
2024-11-21 01:09:53.909263,61.87,3859.0,64.73,300.2,125.27,4.23
2024-11-21 01:10:53.909263,29.23,2710.25,36.76,725.3,286.48,3.61
2024-11-21 01:11:53.909263,66.85,2299.73,138.36,132.23,224.16,4.72
2024-11-21 01:12:53.909263,63.0,2780.34,87.05,673.26,983.29,3.58
2024-11-21 01:13:53.909263,56.99,1586.05,78.02,104.14,973.35,2.37
2024-11-21 01:14:53.909263,56.66,2852.28,25.71,27.38,265.9,2.33
2024-11-21 01:15:53.909263,65.02,4040.68,181.27,357.22,926.11,3.62
2024-11-21 01:16:53.909263,72.36,3352.47,108.92,645.39,148.88,0.49
2024-11-21 01:17:53.909263,75.55,3282.58,162.77,327.07,290.36,1.4
2024-11-21 01:18:53.909263,44.42,1692.03,23.95,884.36,478.26,1.81
2024-11-21 01:19:53.909263,53.24,1329.99,155.14,794.57,294.25,3.5
2024-11-21 01:20:53.909263,58.79,1318.65,188.23,596.43,308.41,3.27
2024-11-21 01:21:53.909263,58.42,2158.31,61.53,392.9,768.95,2.02
2024-11-21 01:22:53.909263,25.92,1316.68,52.51,73.0,389.31,4.49
2024-11-21 01:23:53.909263,36.28,2644.86,61.43,264.58,44.76,3.11
2024-11-21 01:24:53.909263,50.95,3820.32,178.19,771.19,968.51,3.03
2024-11-21 01:25:53.909263,47.65,3151.95,115.05,781.33,327.34,0.21
2024-11-21 01:26:53.909263,50.12,1317.25,14.84,82.34,951.5,2.99
2024-11-21 01:27:53.909263,35.68,1034.51,31.51,776.99,924.4,4.9
2024-11-21 01:28:53.909263,60.69,4053.13,63.63,724.58,940.48,3.21
2024-11-21 01:29:53.909263,69.76,3890.95,70.24,458.55,295.26,0.58
2024-11-21 01:30:53.909263,47.01,2658.31,81.66,648.19,743.84,3.5
2024-11-21 01:31:53.909263,47.68,3368.68,142.98,509.18,413.16,1.2
2024-11-21 01:32:53.909263,43.02,3885.0,198.24,196.29,258.07,0.53
2024-11-21 01:33:53.909263,36.5,1475.89,141.69,196.58,344.43,3.87
2024-11-21 01:34:53.909263,49.49,3378.95,6.27,252.67,938.5,0.89
2024-11-21 01:35:53.909263,30.21,2414.88,64.36,74.1,570.95,4.5
2024-11-21 01:36:53.909263,52.78,1055.68,197.68,291.52,115.41,3.44
2024-11-21 01:37:53.909263,44.42,1601.56,128.44,195.35,966.66,2.62
2024-11-21 01:38:53.909263,40.76,3065.75,126.09,322.17,448.66,1.61
2024-11-21 01:39:53.909263,51.37,1587.43,138.04,398.63,865.94,2.34
2024-11-21 01:40:53.909263,69.05,3121.15,87.38,718.3,731.06,3.79
2024-11-21 01:41:53.909263,81.2,2792.92,5.65,317.41,202.67,2.25
2024-11-21 01:42:53.909263,26.65,2617.58,164.0,985.37,663.12,3.52
2024-11-21 01:43:53.909263,33.64,3247.96,96.67,480.75,354.88,1.08
2024-11-21 01:44:53.909263,83.19,3829.41,112.04,774.29,524.81,4.25
2024-11-21 01:45:53.909263,74.25,1935.25,148.31,147.83,468.3,2.8
2024-11-21 01:46:53.909263,67.02,2772.06,14.15,739.67,924.39,1.77
2024-11-21 01:47:53.909263,48.64,2431.14,170.47,514.52,499.3,4.27
2024-11-21 01:48:53.909263,36.15,3830.63,165.9,993.17,781.19,2.05
2024-11-21 01:49:53.909263,54.06,2181.94,121.69,335.19,950.65,0.86
2024-11-21 01:50:53.909263,24.19,2403.94,199.04,323.95,451.65,0.25
2024-11-21 01:51:53.909263,48.34,1541.09,147.6,314.19,502.84,0.36
2024-11-21 01:52:53.909263,48.62,2650.08,77.77,456.62,228.38,4.39
2024-11-21 01:53:53.909263,36.85,1464.59,23.99,965.01,222.36,3.9
2024-11-21 01:54:53.909263,29.03,3465.82,196.59,214.97,678.89,2.58
2024-11-21 01:55:53.909263,65.21,3870.89,113.36,332.99,36.09,4.76
2024-11-21 01:56:53.909263,72.9,3517.86,47.25,193.84,731.38,0.24
2024-11-21 01:57:53.909263,50.33,2317.06,74.14,285.8,196.29,4.0
2024-11-21 01:58:53.909263,56.0,3292.72,168.12,195.03,895.45,4.43
2024-11-21 01:59:53.909263,28.13,1116.71,174.39,71.41,137.57,0.86
2024-11-21 02:00:53.909263,45.26,2907.11,5.24,808.89,250.46,4.5
2024-11-21 02:01:53.909263,45.83,2374.06,78.55,145.18,43.95,2.45
2024-11-21 02:02:53.909263,57.58,1143.61,153.99,487.1,728.06,2.71
2024-11-21 02:03:53.909263,35.46,2762.35,89.97,945.43,686.61,4.08
2024-11-21 02:04:53.909263,67.13,2112.52,30.28,735.55,937.68,3.37
2024-11-21 02:05:53.909263,39.32,2603.99,79.1,577.45,383.04,3.87
2024-11-21 02:06:53.909263,63.42,1724.56,104.46,26.94,601.62,4.86
2024-11-21 02:07:53.909263,50.03,3870.78,182.85,346.66,551.55,2.58
2024-11-21 02:08:53.909263,31.21,2093.7,60.89,923.48,396.95,1.72
2024-11-21 02:09:53.909263,48.05,3115.16,9.17,986.55,322.28,0.03
2024-11-21 02:10:53.909263,49.87,3151.68,176.3,185.57,490.03,3.9
2024-11-21 02:11:53.909263,45.38,3571.02,190.9,643.61,999.97,0.15
2024-11-21 02:12:53.909263,55.12,2050.1,67.74,424.23,483.5,3.28
2024-11-21 02:13:53.909263,38.32,1509.73,133.66,836.91,881.94,4.51
2024-11-21 02:14:53.909263,66.95,1885.89,191.84,697.76,306.63,3.29
2024-11-21 02:15:53.909263,25.82,4094.05,166.36,410.59,96.37,4.67
2024-11-21 02:16:53.909263,41.13,1727.15,32.93,544.87,705.21,4.65
2024-11-21 02:17:53.909263,48.44,2303.78,174.56,532.33,161.04,2.55
2024-11-21 02:18:53.909263,37.83,2427.9,5.58,168.67,226.3,3.27
2024-11-21 02:19:53.909263,33.62,1791.22,107.95,878.94,393.49,0.27
2024-11-21 02:20:53.909263,44.49,1532.13,107.57,631.35,510.31,4.71
2024-11-21 02:21:53.909263,45.14,3882.44,178.82,233.47,144.18,1.19
2024-11-21 02:22:53.909263,53.86,3929.72,194.67,765.27,717.37,4.06
2024-11-21 02:23:53.909263,25.1,3755.4,52.53,519.06,19.07,2.84
2024-11-21 02:24:53.909263,54.37,2310.69,116.42,452.25,340.86,1.6
2024-11-21 02:25:53.909263,95.88,3973.05,190.92,437.63,93.66,3.71
2024-11-21 02:26:53.909263,58.98,3225.17,70.57,99.88,20.11,2.71
2024-11-21 02:27:53.909263,69.69,2621.09,133.38,435.62,352.61,3.45
2024-11-21 02:28:53.909263,33.73,3468.64,110.43,463.89,819.01,4.04
2024-11-21 02:29:53.909263,50.15,1432.35,71.02,537.82,253.05,0.62
2024-11-21 02:30:53.909263,45.09,3973.54,21.29,41.22,860.98,3.78
2024-11-21 02:31:53.909263,33.11,1905.35,28.72,562.66,886.75,1.43
2024-11-21 02:32:53.909263,54.04,1039.76,23.58,308.15,578.96,1.75
2024-11-21 02:33:53.909263,41.32,1724.64,18.66,858.08,220.47,3.11
2024-11-21 02:34:53.909263,66.91,2304.51,32.97,674.35,308.7,2.48
2024-11-21 02:35:53.909263,42.02,3542.6,43.29,407.46,750.23,2.54
2024-11-21 02:36:53.909263,66.59,1898.39,156.09,932.43,924.82,4.18
2024-11-21 02:37:53.909263,52.81,1301.89,70.73,120.04,927.53,2.56
2024-11-21 02:38:53.909263,58.19,2357.12,175.21,642.67,257.9,4.55
2024-11-21 02:39:53.909263,54.12,3929.25,194.34,355.57,159.52,0.7
2024-11-21 02:40:53.909263,44.76,3269.3,155.24,479.7,639.79,3.05
2024-11-21 02:41:53.909263,35.26,1647.39,154.06,185.91,896.19,1.21
2024-11-21 02:42:53.909263,19.12,1594.92,41.62,626.82,985.2,3.2
2024-11-21 02:43:53.909263,42.1,3857.58,192.18,968.9,22.54,2.08
2024-11-21 02:44:53.909263,29.3,1611.25,29.54,441.69,411.08,2.99
2024-11-21 02:45:53.909263,66.29,2980.88,162.88,412.74,356.21,2.11
2024-11-21 02:46:53.909263,38.49,1525.58,123.22,114.38,521.6,2.31
2024-11-21 02:47:53.909263,66.87,2804.15,115.5,47.77,462.81,1.85
2024-11-21 02:48:53.909263,31.09,1692.87,190.67,864.51,791.68,1.1
2024-11-21 02:49:53.909263,40.61,2059.38,179.62,982.46,41.24,3.61
2024-11-21 02:50:53.909263,59.32,4016.21,97.62,415.21,766.57,2.56
2024-11-21 02:51:53.909263,14.98,1397.18,162.18,604.14,892.9,0.95
2024-11-21 02:52:53.909263,57.98,2978.01,136.89,610.71,931.66,3.27
2024-11-21 02:53:53.909263,56.0,1374.16,175.98,521.26,926.92,2.87
2024-11-21 02:54:53.909263,50.63,2040.34,50.97,233.63,198.75,4.1
2024-11-21 02:55:53.909263,50.21,1979.62,175.8,272.4,121.99,2.0
2024-11-21 02:56:53.909263,19.76,1937.54,134.83,676.26,528.58,3.76
2024-11-21 02:57:53.909263,42.16,2657.12,161.85,580.17,276.55,0.72
2024-11-21 02:58:53.909263,49.11,2645.63,147.11,10.85,265.12,0.1
2024-11-21 02:59:53.909263,39.76,2771.95,99.48,754.48,528.34,1.13
2024-11-21 03:00:53.909263,51.99,1986.31,21.36,55.63,560.47,4.09
2024-11-21 03:01:53.909263,21.26,3439.48,181.36,734.24,670.3,0.67
2024-11-21 03:02:53.909263,51.09,2455.38,92.42,33.94,762.45,3.39
2024-11-21 03:03:53.909263,54.56,3134.96,90.44,894.69,632.15,2.49
2024-11-21 03:04:53.909263,38.58,3690.41,6.13,644.14,566.84,1.38
2024-11-21 03:05:53.909263,32.87,3615.96,198.35,74.93,650.69,0.53
2024-11-21 03:06:53.909263,54.87,3670.84,89.36,34.7,828.93,3.42
2024-11-21 03:07:53.909263,61.87,3136.48,22.57,193.49,520.51,2.77
2024-11-21 03:08:53.909263,40.8,2195.01,28.22,752.31,886.0,0.33
2024-11-21 03:09:53.909263,28.31,2042.49,58.11,831.58,257.72,2.21
2024-11-21 03:10:53.909263,42.89,2649.72,21.48,449.44,634.55,4.68
2024-11-21 03:11:53.909263,51.78,2435.23,17.65,561.22,307.84,2.79
2024-11-21 03:12:53.909263,59.17,2014.93,150.35,361.05,842.1,0.14
2024-11-21 03:13:53.909263,50.11,3539.88,17.55,482.02,176.87,2.74
2024-11-21 03:14:53.909263,41.19,1725.86,119.17,11.66,993.72,4.99
2024-11-21 03:15:53.909263,54.35,2285.93,7.51,372.98,612.3,0.09
2024-11-21 03:16:53.909263,73.68,1031.46,112.75,820.13,582.96,3.73
2024-11-21 03:17:53.909263,42.72,2438.0,46.11,271.13,500.89,2.38
2024-11-21 03:18:53.909263,39.91,1922.9,192.85,84.13,772.38,2.8
2024-11-21 03:19:53.909263,57.32,3119.78,190.97,128.88,649.48,3.58
2024-11-21 03:20:53.909263,40.46,1353.9,116.45,638.28,799.16,3.05
2024-11-21 03:21:53.909263,22.0,1054.68,84.41,832.46,214.75,4.25
2024-11-21 03:22:53.909263,76.6,1922.73,128.96,145.52,505.54,1.14
2024-11-21 03:23:53.909263,57.12,4017.99,52.03,806.19,977.28,1.19
2024-11-21 03:24:53.909263,22.51,2846.13,184.67,458.92,701.91,2.18
2024-11-21 03:25:53.909263,30.44,1362.22,102.74,257.56,579.46,0.46
2024-11-21 03:26:53.909263,35.28,2621.29,85.78,95.7,198.08,0.24
2024-11-21 03:27:53.909263,57.19,2752.2,21.71,919.65,917.5,1.31
2024-11-21 03:28:53.909263,80.23,2703.38,56.95,376.82,294.19,1.47
2024-11-21 03:29:53.909263,45.05,3906.63,142.88,291.96,825.56,4.26
2024-11-21 03:30:53.909263,37.79,2112.23,127.53,638.26,805.76,4.05
2024-11-21 03:31:53.909263,67.41,1430.16,34.95,587.52,203.05,4.22
2024-11-21 03:32:53.909263,34.15,3503.44,124.98,392.04,760.69,1.1
2024-11-21 03:33:53.909263,31.35,2222.45,98.52,656.3,693.17,3.01
2024-11-21 03:34:53.909263,42.71,3268.28,171.28,703.69,195.63,1.58
2024-11-21 03:35:53.909263,77.17,3824.13,197.15,127.21,541.49,3.64
2024-11-21 03:36:53.909263,50.81,3729.09,113.34,417.3,603.38,0.92
2024-11-21 03:37:53.909263,48.29,1836.48,194.62,718.42,962.76,1.09
2024-11-21 03:38:53.909263,43.91,3776.87,110.47,339.63,650.18,1.5
2024-11-21 03:39:53.909263,61.98,3262.82,93.62,989.7,634.38,0.34
2024-11-21 03:40:53.909263,83.33,1466.13,162.76,892.31,794.49,4.0
2024-11-21 03:41:53.909263,63.95,4085.19,146.92,133.32,172.75,0.87
2024-11-21 03:42:53.909263,36.94,2152.64,185.48,224.97,951.41,3.16
2024-11-21 03:43:53.909263,52.34,2816.99,14.12,952.61,117.17,2.49
2024-11-21 03:44:53.909263,87.16,3342.39,44.52,360.11,900.82,4.53
2024-11-21 03:45:53.909263,47.14,2370.88,32.95,959.43,487.41,2.62
2024-11-21 03:46:53.909263,22.58,2969.86,78.49,682.42,262.8,1.86
2024-11-21 03:47:53.909263,68.92,2219.54,67.78,588.58,145.45,1.25
2024-11-21 03:48:53.909263,41.88,2241.26,69.23,896.35,454.91,0.62
2024-11-21 03:49:53.909263,30.67,3362.97,61.39,507.11,741.38,1.85
2024-11-21 03:50:53.909263,46.4,1210.94,50.94,742.76,199.55,4.67
2024-11-21 03:51:53.909263,59.33,3983.69,180.35,500.29,665.54,2.79
2024-11-21 03:52:53.909263,33.19,3330.16,138.23,775.93,339.41,0.24
2024-11-21 03:53:53.909263,79.2,2263.7,86.83,953.8,657.51,4.84
2024-11-21 03:54:53.909263,37.41,2484.24,63.23,19.12,948.41,1.15
2024-11-21 03:55:53.909263,40.21,2041.73,6.98,978.89,220.83,2.97
2024-11-21 03:56:53.909263,27.07,1673.22,128.67,686.34,433.02,4.78
2024-11-21 03:57:53.909263,49.97,2831.12,80.51,958.06,111.17,4.54
2024-11-21 03:58:53.909263,69.76,2333.07,175.39,658.42,981.7,2.45
2024-11-21 03:59:53.909263,73.24,2401.4,65.87,626.45,89.12,3.3
2024-11-21 04:00:53.909263,34.7,2002.14,182.0,138.5,244.54,2.39
2024-11-21 04:01:53.909263,41.78,4060.94,87.85,623.79,539.71,4.92
2024-11-21 04:02:53.909263,64.8,1930.5,85.83,952.59,620.96,1.59
2024-11-21 04:03:53.909263,48.25,4023.24,156.38,74.59,655.84,1.98
2024-11-21 04:04:53.909263,62.56,1921.74,199.36,170.8,803.03,4.27
2024-11-21 04:05:53.909263,47.21,1758.82,23.06,12.64,93.4,3.91
2024-11-21 04:06:53.909263,47.22,3651.4,126.9,840.35,692.26,3.38
2024-11-21 04:07:53.909263,64.55,1775.97,28.33,757.87,926.0,1.8
2024-11-21 04:08:53.909263,45.56,1259.15,139.49,69.13,961.04,0.53
2024-11-21 04:09:53.909263,49.79,1532.14,55.79,585.95,486.97,2.08
2024-11-21 04:10:53.909263,77.42,3808.27,57.41,724.08,985.85,2.59
2024-11-21 04:11:53.909263,49.27,1188.55,28.29,919.25,19.57,0.33
2024-11-21 04:12:53.909263,55.15,4009.07,180.15,27.59,285.04,1.51
2024-11-21 04:13:53.909263,38.81,3489.07,186.41,620.99,229.64,1.8
2024-11-21 04:14:53.909263,55.69,1389.31,99.45,449.89,610.01,3.52
2024-11-21 04:15:53.909263,75.21,3311.88,69.81,748.42,534.06,3.5
2024-11-21 04:16:53.909263,79.93,4089.85,32.68,936.01,289.74,1.69
2024-11-21 04:17:53.909263,55.4,2675.92,18.91,589.33,486.46,4.02
2024-11-21 04:18:53.909263,44.89,3336.47,132.37,62.1,629.68,1.64
2024-11-21 04:19:53.909263,44.35,3478.66,48.86,134.1,728.4,0.32
2024-11-21 04:20:53.909263,47.89,4005.97,149.49,475.66,902.32,0.05
2024-11-21 04:21:53.909263,56.11,1774.84,87.47,433.1,699.22,4.16
2024-11-21 04:22:53.909263,63.93,3291.74,45.68,685.43,78.27,4.38
2024-11-21 04:23:53.909263,44.15,3972.23,128.82,227.12,862.05,4.02
2024-11-21 04:24:53.909263,49.79,2844.77,77.83,801.71,819.58,1.2
2024-11-21 04:25:53.909263,28.52,2374.11,33.02,672.89,256.1,0.3
2024-11-21 04:26:53.909263,63.81,3282.96,98.51,410.03,527.3,2.97
2024-11-21 04:27:53.909263,60.98,2307.33,96.54,314.38,27.97,4.99
2024-11-21 04:28:53.909263,28.27,1877.67,45.62,398.16,402.77,0.9
2024-11-21 04:29:53.909263,81.11,2870.88,136.38,603.67,686.45,2.67
2024-11-21 04:30:53.909263,52.13,1393.6,22.72,500.0,605.57,4.28
2024-11-21 04:31:53.909263,70.31,2457.73,141.94,561.11,254.86,1.85
2024-11-21 04:32:53.909263,54.54,1659.46,76.27,642.83,615.52,0.96
2024-11-21 04:33:53.909263,59.7,2097.63,52.87,158.08,615.38,2.91
2024-11-21 04:34:53.909263,29.25,2487.33,95.01,358.61,756.09,3.89
2024-11-21 04:35:53.909263,101.64,2993.61,16.98,565.79,11.98,2.01
2024-11-21 04:36:53.909263,70.81,3574.98,58.91,743.75,386.19,4.57
2024-11-21 04:37:53.909263,42.89,1145.37,63.09,929.77,503.2,3.64
2024-11-21 04:38:53.909263,50.94,1717.27,9.5,171.24,141.0,3.86
2024-11-21 04:39:53.909263,42.06,3311.21,78.51,255.56,861.69,1.14
2024-11-21 04:40:53.909263,50.2,2328.08,138.93,697.4,390.99,4.01
2024-11-21 04:41:53.909263,54.82,2303.86,176.07,766.6,380.5,1.22
2024-11-21 04:42:53.909263,43.81,2111.14,56.74,313.87,847.0,5.0
2024-11-21 04:43:53.909263,38.5,1829.87,61.36,906.07,276.96,4.9
2024-11-21 04:44:53.909263,31.52,3042.59,80.79,282.37,181.96,2.87
2024-11-21 04:45:53.909263,41.13,2000.66,120.89,458.11,811.7,3.73
2024-11-21 04:46:53.909263,37.27,2492.67,76.65,749.57,574.41,0.54
2024-11-21 04:47:53.909263,56.82,3416.41,100.34,703.08,311.54,2.79
2024-11-21 04:48:53.909263,31.9,1176.43,13.06,908.15,94.46,1.06
2024-11-21 04:49:53.909263,64.96,2577.67,7.9,179.05,597.06,4.84
2024-11-21 04:50:53.909263,51.34,3917.84,31.31,46.74,914.77,4.19
2024-11-21 04:51:53.909263,47.31,2022.94,58.46,984.23,322.69,2.57
2024-11-21 04:52:53.909263,60.18,2214.09,14.63,48.95,163.65,1.14
2024-11-21 04:53:53.909263,63.42,2125.67,131.28,456.9,736.61,0.77
2024-11-21 04:54:53.909263,62.35,1360.53,101.77,722.17,368.01,4.95
2024-11-21 04:55:53.909263,59.87,1845.18,26.22,708.09,495.06,1.08
2024-11-21 04:56:53.909263,44.29,1576.82,100.75,476.51,115.85,3.88
2024-11-21 04:57:53.909263,39.7,3407.76,21.66,621.88,204.31,0.92
2024-11-21 04:58:53.909263,51.45,3882.37,19.65,652.05,900.83,1.8
2024-11-21 04:59:53.909263,43.03,2754.73,172.78,274.26,185.74,3.82
2024-11-21 05:00:53.909263,59.66,4073.26,125.94,744.13,395.04,4.28
2024-11-21 05:01:53.909263,25.07,1968.18,126.35,235.43,860.25,4.82
2024-11-21 05:02:53.909263,68.63,3866.68,192.21,87.23,947.61,4.63
2024-11-21 05:03:53.909263,39.6,3147.75,16.33,888.88,536.73,3.43
2024-11-21 05:04:53.909263,44.44,1887.7,144.4,900.47,209.01,1.21
2024-11-21 05:05:53.909263,31.45,3318.5,61.54,776.51,368.94,0.93
2024-11-21 05:06:53.909263,23.63,2675.14,50.18,688.88,412.96,1.69
2024-11-21 05:07:53.909263,59.75,1948.43,150.21,407.42,188.46,0.85
2024-11-21 05:08:53.909263,34.02,3442.02,162.59,823.31,336.26,2.7
2024-11-21 05:09:53.909263,69.87,3139.31,65.59,938.0,214.92,2.3
2024-11-21 05:10:53.909263,49.01,3372.21,103.28,102.32,41.31,4.81
2024-11-21 05:11:53.909263,31.87,3621.47,179.6,936.66,994.11,1.84
2024-11-21 05:12:53.909263,35.97,4044.93,147.19,155.26,201.67,1.43
2024-11-21 05:13:53.909263,63.04,2771.13,173.05,83.56,768.18,2.27
2024-11-21 05:14:53.909263,51.8,2612.33,95.5,394.9,944.95,0.57
2024-11-21 05:15:53.909263,51.95,1537.77,160.27,295.6,76.64,3.58
2024-11-21 05:16:53.909263,61.32,1601.58,114.12,864.66,180.71,3.59
2024-11-21 05:17:53.909263,52.99,3111.13,56.86,850.81,456.31,4.76
2024-11-21 05:18:53.909263,44.35,4050.35,58.51,183.29,222.97,2.39
2024-11-21 05:19:53.909263,68.64,2011.58,26.21,855.15,170.59,0.61
2024-11-21 05:20:53.909263,36.1,2404.42,36.64,268.39,430.19,0.07
2024-11-21 05:21:53.909263,54.64,1760.83,160.76,544.69,890.49,2.07
2024-11-21 05:22:53.909263,15.04,1095.4,144.25,771.23,549.02,0.24
2024-11-21 05:23:53.909263,84.51,3061.8,169.44,213.18,874.47,0.84
2024-11-21 05:24:53.909263,21.32,3909.54,109.87,180.81,629.57,0.02
2024-11-21 05:25:53.909263,54.06,2523.48,23.96,897.88,834.01,3.85
2024-11-21 05:26:53.909263,51.11,1550.58,114.43,955.23,537.14,1.04
2024-11-21 05:27:53.909263,54.48,2664.93,41.22,106.03,128.14,4.69
2024-11-21 05:28:53.909263,44.61,4002.15,123.87,137.01,540.34,3.26
2024-11-21 05:29:53.909263,76.31,1724.09,65.73,734.99,367.53,4.87
2024-11-21 05:30:53.909263,34.2,2109.94,165.39,947.75,686.96,3.61
2024-11-21 05:31:53.909263,23.33,3851.15,69.68,656.99,920.34,2.25
2024-11-21 05:32:53.909263,34.07,1408.8,65.93,945.18,616.1,4.0
2024-11-21 05:33:53.909263,43.28,3302.22,149.23,984.97,595.59,3.93
2024-11-21 05:34:53.909263,26.84,2510.99,165.26,870.14,530.84,0.72
2024-11-21 05:35:53.909263,71.21,2101.69,23.31,251.04,862.78,4.89
2024-11-21 05:36:53.909263,48.11,2386.7,54.14,854.68,912.15,2.64
2024-11-21 05:37:53.909263,50.92,1181.32,46.56,121.25,968.02,3.55
2024-11-21 05:38:53.909263,45.77,1630.84,180.01,387.14,786.16,2.02
2024-11-21 05:39:53.909263,43.57,2867.69,59.08,657.61,147.12,2.9
2024-11-21 05:40:53.909263,69.53,3537.72,192.1,643.26,663.99,4.97
2024-11-21 05:41:53.909263,53.59,1790.03,185.86,215.04,510.41,2.38
2024-11-21 05:42:53.909263,38.1,3682.91,43.92,670.2,967.92,3.34
2024-11-21 05:43:53.909263,49.16,1955.5,134.88,369.42,862.79,4.46
2024-11-21 05:44:53.909263,84.21,3200.26,149.43,107.72,341.92,1.3
2024-11-21 05:45:53.909263,65.27,2626.2,68.84,242.13,828.75,0.43
2024-11-21 05:46:53.909263,33.84,3258.5,199.38,966.48,279.12,4.8
2024-11-21 05:47:53.909263,46.29,3616.16,144.78,63.44,963.12,0.28
2024-11-21 05:48:53.909263,48.45,1510.67,59.68,49.14,58.24,3.4
2024-11-21 05:49:53.909263,22.86,3100.19,180.03,236.03,47.89,2.71
2024-11-21 05:50:53.909263,58.66,1795.2,175.43,127.83,166.11,1.77
2024-11-21 05:51:53.909263,71.24,2269.6,53.75,213.79,344.45,1.18
2024-11-21 05:52:53.909263,52.92,2346.64,155.25,767.37,771.8,4.72
2024-11-21 05:53:53.909263,47.07,1103.53,38.68,477.3,932.11,0.77
2024-11-21 05:54:53.909263,57.19,2153.84,162.09,180.94,197.83,2.33
2024-11-21 05:55:53.909263,27.42,2044.94,53.63,788.53,751.13,0.32
2024-11-21 05:56:53.909263,23.8,3259.92,43.34,41.56,828.02,4.66
2024-11-21 05:57:53.909263,66.5,2711.9,46.01,265.95,980.31,4.04
2024-11-21 05:58:53.909263,54.98,3586.25,20.47,218.8,866.1,3.14
2024-11-21 05:59:53.909263,67.96,2363.37,30.65,293.57,642.4,4.2
2024-11-21 06:00:53.909263,40.78,3706.0,62.66,352.47,198.3,4.69
2024-11-21 06:01:53.909263,55.52,1435.49,117.49,681.89,568.52,2.25
2024-11-21 06:02:53.909263,57.03,2219.53,58.09,855.27,540.24,0.67
2024-11-21 06:03:53.909263,43.07,2758.25,33.19,869.47,370.0,4.59
2024-11-21 06:04:53.909263,60.17,2057.51,67.65,282.36,861.9,3.89
2024-11-21 06:05:53.909263,39.11,3733.61,177.03,388.09,371.0,3.35
2024-11-21 06:06:53.909263,40.79,2105.39,101.32,839.46,32.13,0.61
2024-11-21 06:07:53.909263,65.19,1620.89,157.95,539.28,664.06,0.88
2024-11-21 06:08:53.909263,56.92,1650.83,45.83,203.78,275.32,4.12
2024-11-21 06:09:53.909263,40.58,3003.62,107.69,323.47,912.13,0.52
2024-11-21 06:10:53.909263,44.21,2945.3,190.78,101.9,976.14,4.07
2024-11-21 06:11:53.909263,63.79,2866.16,188.31,906.41,879.84,0.63
2024-11-21 06:12:53.909263,40.85,2552.59,17.17,183.74,483.67,2.83
2024-11-21 06:13:53.909263,43.68,2738.09,84.77,634.15,838.27,1.53
2024-11-21 06:14:53.909263,54.08,2254.22,162.65,576.31,837.22,0.71
2024-11-21 06:15:53.909263,50.56,1245.7,52.08,820.36,776.18,1.0
2024-11-21 06:16:53.909263,45.46,1858.73,163.2,306.1,665.36,3.47
2024-11-21 06:17:53.909263,37.65,1550.7,119.19,700.27,400.97,4.75
2024-11-21 06:18:53.909263,72.1,1759.47,160.96,548.4,163.03,4.96
2024-11-21 06:19:53.909263,45.58,2872.19,134.18,698.39,668.21,1.66
2024-11-21 06:20:53.909263,62.86,3158.02,110.7,504.36,390.1,0.47
2024-11-21 06:21:53.909263,26.04,1847.14,104.17,430.44,779.78,2.33
2024-11-21 06:22:53.909263,37.97,2044.28,192.43,11.11,345.13,0.26
2024-11-21 06:23:53.909263,44.27,2474.63,195.38,159.73,465.06,0.54
2024-11-21 06:24:53.909263,18.04,2797.3,54.42,200.12,636.0,0.32
2024-11-21 06:25:53.909263,56.24,3497.75,67.59,834.51,232.85,2.03
2024-11-21 06:26:53.909263,56.1,3726.03,136.39,22.66,522.92,0.19
2024-11-21 06:27:53.909263,52.48,3352.16,126.96,521.4,501.13,3.48
2024-11-21 06:28:53.909263,71.81,1433.17,159.31,35.88,952.65,4.05
2024-11-21 06:29:53.909263,57.48,1356.49,50.19,118.35,274.84,4.34
2024-11-21 06:30:53.909263,66.16,3988.58,121.7,627.54,431.55,1.58
2024-11-21 06:31:53.909263,40.94,1556.61,25.88,959.12,429.39,2.42
2024-11-21 06:32:53.909263,64.85,3752.66,34.11,182.16,62.17,1.69
2024-11-21 06:33:53.909263,71.84,3697.87,157.33,555.78,13.43,4.65
2024-11-21 06:34:53.909263,61.86,2057.67,120.56,853.13,489.87,4.99
2024-11-21 06:35:53.909263,81.56,1449.92,132.16,17.08,410.88,3.14
2024-11-21 06:36:53.909263,41.34,3419.56,174.03,243.24,438.79,3.02
2024-11-21 06:37:53.909263,38.71,3699.0,124.25,901.32,217.68,4.28
2024-11-21 06:38:53.909263,46.45,4027.75,105.87,676.81,838.54,2.0
2024-11-21 06:39:53.909263,47.22,2352.71,13.7,559.2,461.74,0.89
2024-11-21 06:40:53.909263,48.17,3998.69,37.58,60.26,179.45,4.26
2024-11-21 06:41:53.909263,50.35,3810.99,188.23,741.55,977.58,3.98
2024-11-21 06:42:53.909263,60.34,3816.12,151.0,996.05,748.22,1.0
2024-11-21 06:43:53.909263,20.39,1058.43,199.33,443.96,33.09,0.5
2024-11-21 06:44:53.909263,57.28,1151.39,145.41,108.42,302.07,0.04
2024-11-21 06:45:53.909263,35.7,3633.15,36.15,736.26,309.17,3.89
2024-11-21 06:46:53.909263,54.23,1346.12,103.13,257.62,614.14,0.59
2024-11-21 06:47:53.909263,42.31,1813.87,192.64,599.3,578.42,0.69
2024-11-21 06:48:53.909263,33.59,1077.95,19.73,48.2,906.88,3.35
2024-11-21 06:49:53.909263,41.14,3077.25,48.41,132.66,338.6,3.86
2024-11-21 06:50:53.909263,41.92,3359.07,183.21,595.35,981.7,1.45
2024-11-21 06:51:53.909263,60.94,3686.56,18.14,845.4,584.39,2.26
2024-11-21 06:52:53.909263,46.73,1857.03,139.43,975.8,878.58,3.71
2024-11-21 06:53:53.909263,43.41,4022.73,67.25,99.06,735.76,1.74
2024-11-21 06:54:53.909263,14.86,3884.92,105.01,363.24,652.1,2.76
2024-11-21 06:55:53.909263,47.82,1486.86,93.78,263.37,494.22,1.73
2024-11-21 06:56:53.909263,68.99,1223.03,94.01,395.76,25.84,0.22
2024-11-21 06:57:53.909263,40.04,2667.78,68.07,815.96,948.47,4.14
2024-11-21 06:58:53.909263,50.95,3334.22,66.79,931.84,795.32,1.63
2024-11-21 06:59:53.909263,64.04,1979.55,196.63,756.49,754.05,4.42
2024-11-21 07:00:53.909263,50.4,2657.2,66.36,52.2,101.47,1.53
2024-11-21 07:01:53.909263,55.32,1592.44,73.2,832.68,606.5,1.83
2024-11-21 07:02:53.909263,70.44,2328.94,10.21,583.97,71.4,2.33
2024-11-21 07:03:53.909263,63.25,3662.27,6.42,800.16,51.35,1.19
2024-11-21 07:04:53.909263,42.25,3256.65,7.01,17.72,369.77,0.93
2024-11-21 07:05:53.909263,31.79,3700.12,32.95,858.02,500.96,0.25
2024-11-21 07:06:53.909263,36.33,1322.96,90.26,817.77,278.44,1.0
2024-11-21 07:07:53.909263,39.21,1867.52,181.35,813.14,305.07,0.09
2024-11-21 07:08:53.909263,72.71,3629.03,124.49,554.66,270.63,0.26
2024-11-21 07:09:53.909263,69.36,2921.59,25.96,726.79,223.79,2.87
2024-11-21 07:10:53.909263,52.48,2938.44,47.13,466.51,578.09,4.9
2024-11-21 07:11:53.909263,39.41,3747.11,21.37,76.9,645.05,2.02
2024-11-21 07:12:53.909263,64.22,3842.93,61.46,825.22,36.64,3.98
2024-11-21 07:13:53.909263,53.68,3258.08,126.9,881.61,345.26,3.81
2024-11-21 07:14:53.909263,36.95,1382.76,90.59,34.31,191.95,4.39
2024-11-21 07:15:53.909263,81.39,2574.32,191.09,30.84,484.69,0.9
2024-11-21 07:16:53.909263,51.99,1386.69,40.49,927.61,915.83,1.39
2024-11-21 07:17:53.909263,50.34,1589.15,20.65,433.63,364.01,4.82
2024-11-21 07:18:53.909263,48.5,2284.24,194.54,924.48,731.74,1.24
2024-11-21 07:19:53.909263,45.92,1420.56,45.11,779.16,357.22,3.54
2024-11-21 07:20:53.909263,47.98,2822.2,10.64,788.58,938.29,4.41
2024-11-21 07:21:53.909263,64.34,1038.94,23.24,308.53,506.14,1.87
2024-11-21 07:22:53.909263,54.65,3200.47,194.33,91.05,468.49,0.34
2024-11-21 07:23:53.909263,28.12,2748.01,67.13,792.35,338.06,1.41
2024-11-21 07:24:53.909263,40.79,1995.17,78.65,919.38,111.66,2.38
2024-11-21 07:25:53.909263,66.44,3567.02,94.53,482.51,461.37,0.5
2024-11-21 07:26:53.909263,54.23,4092.49,193.63,231.98,518.89,1.77
2024-11-21 07:27:53.909263,46.37,3914.47,34.99,22.56,651.24,1.79
2024-11-21 07:28:53.909263,49.01,1996.82,171.1,778.56,19.77,0.44
2024-11-21 07:29:53.909263,33.18,2373.44,133.79,868.44,821.28,0.73
2024-11-21 07:30:53.909263,57.54,3577.49,143.23,788.29,989.53,4.45
2024-11-21 07:31:53.909263,82.1,1380.75,73.44,216.91,27.75,3.02
2024-11-21 07:32:53.909263,56.37,3390.25,134.76,626.31,496.58,0.6
2024-11-21 07:33:53.909263,54.21,3033.93,37.19,158.95,773.89,1.31
2024-11-21 07:34:53.909263,47.9,3405.47,192.71,450.04,29.68,3.05
2024-11-21 07:35:53.909263,44.14,1982.91,191.98,593.14,967.05,3.05
2024-11-21 07:36:53.909263,59.14,2107.07,14.94,505.05,68.99,3.05
2024-11-21 07:37:53.909263,32.6,2899.28,93.35,603.8,631.19,2.81
2024-11-21 07:38:53.909263,65.01,1303.6,199.76,692.92,991.81,3.41
2024-11-21 07:39:53.909263,61.05,2443.28,93.06,968.05,282.9,0.35
2024-11-21 07:40:53.909263,78.29,2595.16,83.3,312.27,625.16,4.85
2024-11-21 07:41:53.909263,78.67,1950.96,30.65,142.31,705.92,2.01
2024-11-21 07:42:53.909263,60.33,3921.0,169.46,785.37,451.57,2.35
2024-11-21 07:43:53.909263,51.26,2254.2,198.11,745.76,633.93,4.95
2024-11-21 07:44:53.909263,47.54,4009.35,162.08,55.58,147.83,0.03
2024-11-21 07:45:53.909263,52.14,3087.34,178.42,977.92,327.05,1.04
2024-11-21 07:46:53.909263,38.72,1545.8,72.4,488.94,752.85,4.11
2024-11-21 07:47:53.909263,56.96,3209.94,49.62,345.64,24.18,4.49
2024-11-21 07:48:53.909263,59.08,2905.92,49.92,839.07,186.89,3.97
2024-11-21 07:49:53.909263,39.53,3280.95,161.37,798.48,267.86,4.96
2024-11-21 07:50:53.909263,56.86,1507.39,40.76,729.62,168.07,0.05
2024-11-21 07:51:53.909263,40.23,2944.16,125.91,850.54,987.15,4.72
2024-11-21 07:52:53.909263,61.38,1179.6,44.3,885.31,541.04,1.12
2024-11-21 07:53:53.909263,70.95,2172.52,192.77,316.16,537.6,0.03
2024-11-21 07:54:53.909263,59.0,2125.69,56.6,236.35,230.57,4.81
2024-11-21 07:55:53.909263,37.49,3765.52,111.04,361.83,270.82,0.35
2024-11-21 07:56:53.909263,36.35,2873.44,186.5,970.35,165.14,4.73
2024-11-21 07:57:53.909263,55.36,3912.96,100.22,469.62,921.42,3.21
2024-11-21 07:58:53.909263,28.62,2065.37,72.77,203.58,493.78,2.67
2024-11-21 07:59:53.909263,23.9,1518.29,120.84,772.43,155.74,0.95
2024-11-21 08:00:53.909263,21.82,2964.95,50.75,783.96,620.52,2.78
2024-11-21 08:01:53.909263,58.86,1817.72,29.24,956.51,186.91,2.48
2024-11-21 08:02:53.909263,77.36,1579.37,142.39,621.37,662.82,0.24
2024-11-21 08:03:53.909263,60.19,3791.42,184.63,570.46,324.69,1.01
2024-11-21 08:04:53.909263,49.71,2954.83,139.84,291.81,591.07,3.03
2024-11-21 08:05:53.909263,24.57,3340.64,59.99,469.63,900.16,4.76
2024-11-21 08:06:53.909263,37.68,3037.67,156.45,565.86,834.59,4.0
2024-11-21 08:07:53.909263,45.77,4079.52,190.74,793.76,914.33,0.32
2024-11-21 08:08:53.909263,61.14,3092.66,39.8,866.51,580.26,2.47
2024-11-21 08:09:53.909263,47.32,3089.48,51.18,343.64,634.07,1.33
2024-11-21 08:10:53.909263,33.71,1686.7,143.27,702.78,317.9,3.66
2024-11-21 08:11:53.909263,55.6,1305.01,77.07,895.37,499.62,3.72
2024-11-21 08:12:53.909263,43.98,1521.72,149.51,876.1,97.31,3.26
2024-11-21 08:13:53.909263,42.52,3598.07,186.17,891.17,187.73,1.47
2024-11-21 08:14:53.909263,38.17,2869.01,181.99,332.59,991.37,1.46
2024-11-21 08:15:53.909263,32.26,2262.76,171.3,206.7,176.94,2.29
2024-11-21 08:16:53.909263,54.01,2522.54,138.36,738.97,573.27,4.53
2024-11-21 08:17:53.909263,55.86,1766.92,182.89,444.52,958.84,3.87
2024-11-21 08:18:53.909263,37.14,2816.69,156.1,22.99,128.57,1.45
2024-11-21 08:19:53.909263,71.85,3635.68,16.44,52.42,641.98,2.08
2024-11-21 08:20:53.909263,36.41,1661.57,197.48,436.89,263.03,2.37
2024-11-21 08:21:53.909263,55.26,1339.24,69.66,232.67,406.26,2.37
2024-11-21 08:22:53.909263,28.59,1296.02,189.17,475.93,781.56,0.46
2024-11-21 08:23:53.909263,65.72,2578.26,56.96,400.13,79.89,2.23
2024-11-21 08:24:53.909263,30.91,3878.72,34.17,12.01,94.37,0.73
2024-11-21 08:25:53.909263,85.25,2588.27,83.04,993.29,16.21,4.9
2024-11-21 08:26:53.909263,74.28,1871.28,69.92,204.11,236.06,3.94
2024-11-21 08:27:53.909263,54.45,1633.19,89.81,578.69,383.65,4.85
2024-11-21 08:28:53.909263,66.61,1830.26,79.38,696.43,785.76,1.5
2024-11-21 08:29:53.909263,70.14,2476.45,24.45,724.98,248.18,1.96
2024-11-21 08:30:53.909263,42.63,2326.05,154.84,634.28,611.79,1.69
2024-11-21 08:31:53.909263,31.45,2275.44,153.49,622.08,875.99,2.56
2024-11-21 08:32:53.909263,24.46,1619.31,116.08,611.61,41.0,4.96
2024-11-21 08:33:53.909263,66.93,3231.48,21.7,739.12,12.02,4.4
2024-11-21 08:34:53.909263,56.52,1211.07,105.3,593.38,67.99,0.04
2024-11-21 08:35:53.909263,36.12,1189.63,96.12,482.03,669.23,2.83
2024-11-21 08:36:53.909263,55.6,2552.99,184.33,768.27,232.63,1.86
2024-11-21 08:37:53.909263,57.95,1417.0,20.63,52.1,92.76,0.81
2024-11-21 08:38:53.909263,39.51,3764.12,174.87,63.82,500.09,1.86
2024-11-21 08:39:53.909263,42.19,2501.73,148.1,66.63,165.31,1.97
2024-11-21 08:40:53.909263,66.07,2209.06,50.15,228.08,146.02,3.55
2024-11-21 08:41:53.909263,71.55,2220.06,108.52,526.64,738.57,4.02
2024-11-21 08:42:53.909263,50.77,1286.93,154.37,716.25,515.09,0.93
2024-11-21 08:43:53.909263,41.79,3173.45,166.54,746.0,668.04,1.34
2024-11-21 08:44:53.909263,60.65,1586.93,47.1,896.06,402.05,4.46
2024-11-21 08:45:53.909263,57.4,1136.8,90.6,609.8,454.44,4.55
2024-11-21 08:46:53.909263,17.79,2189.59,186.56,121.73,292.48,3.08
2024-11-21 08:47:53.909263,51.66,3770.94,173.87,28.49,909.36,0.88
2024-11-21 08:48:53.909263,43.46,2873.0,112.94,456.24,918.67,1.97
2024-11-21 08:49:53.909263,26.98,3539.01,85.12,363.86,288.54,1.54
2024-11-21 08:50:53.909263,64.29,2129.89,80.53,206.07,325.22,1.19
2024-11-21 08:51:53.909263,55.73,2261.15,117.99,329.13,667.88,4.09
2024-11-21 08:52:53.909263,53.89,4043.16,42.27,922.86,61.68,1.61
2024-11-21 08:53:53.909263,50.81,2502.88,102.01,346.59,90.66,4.93
2024-11-21 08:54:53.909263,54.44,1369.63,152.7,208.8,40.28,2.51
2024-11-21 08:55:53.909263,51.3,1786.2,125.92,937.13,637.56,2.67
2024-11-21 08:56:53.909263,57.82,3898.19,81.54,997.65,591.45,4.42
2024-11-21 08:57:53.909263,29.06,2216.55,147.19,999.35,593.65,2.49
2024-11-21 08:58:53.909263,33.2,2037.6,47.64,516.86,594.3,2.24
2024-11-21 08:59:53.909263,46.88,3073.24,155.25,769.51,556.74,3.57
2024-11-21 09:00:53.909263,67.87,3640.57,127.43,427.66,717.96,3.16
2024-11-21 09:01:53.909263,27.23,2904.05,159.74,303.47,587.66,2.23
2024-11-21 09:02:53.909263,37.11,2897.96,185.15,844.85,202.06,1.11
2024-11-21 09:03:53.909263,55.07,2103.3,28.43,620.14,946.15,0.01
2024-11-21 09:04:53.909263,95.49,3865.27,193.2,619.15,286.84,4.34
2024-11-21 09:05:53.909263,19.88,1976.39,49.73,647.97,120.23,0.76
2024-11-21 09:06:53.909263,39.03,1517.65,44.71,264.51,473.22,3.51
2024-11-21 09:07:53.909263,57.96,3795.64,103.54,679.91,216.54,3.83
2024-11-21 09:08:53.909263,42.61,2375.66,88.92,380.2,57.59,2.6
2024-11-21 09:09:53.909263,43.52,2139.4,96.26,50.39,343.82,2.25
2024-11-21 09:10:53.909263,87.34,2060.84,171.06,474.71,357.9,4.98
2024-11-21 09:11:53.909263,38.16,1975.62,13.19,788.29,103.13,1.78
2024-11-21 09:12:53.909263,58.15,2260.7,122.32,523.06,921.7,4.81
2024-11-21 09:13:53.909263,54.64,3072.96,133.55,515.16,814.55,1.46
2024-11-21 09:14:53.909263,53.71,2960.58,55.75,663.29,510.02,0.52
2024-11-21 09:15:53.909263,56.91,2593.67,124.56,298.9,778.98,0.8
2024-11-21 09:16:53.909263,40.62,4003.78,120.47,142.35,493.49,3.33
2024-11-21 09:17:53.909263,56.39,3655.44,23.46,330.43,511.5,0.29
2024-11-21 09:18:53.909263,26.75,1033.16,186.17,113.7,519.98,1.37
2024-11-21 09:19:53.909263,54.54,3130.52,55.9,768.67,399.64,2.22
2024-11-21 09:20:53.909263,56.42,2646.47,177.74,638.3,276.96,1.17
2024-11-21 09:21:53.909263,47.12,3309.49,154.87,753.02,379.88,1.42
2024-11-21 09:22:53.909263,47.8,2226.97,122.75,352.83,352.78,2.38
2024-11-21 09:23:53.909263,50.62,2304.87,45.84,760.36,171.35,0.35
2024-11-21 09:24:53.909263,6.81,2665.44,138.91,414.61,202.76,2.5
2024-11-21 09:25:53.909263,19.72,1220.02,13.13,493.38,111.31,2.18
2024-11-21 09:26:53.909263,46.69,2280.89,178.51,432.23,581.75,4.3
2024-11-21 09:27:53.909263,49.37,1938.7,154.61,604.84,148.54,1.56
2024-11-21 09:28:53.909263,45.21,2859.52,32.88,83.8,904.99,4.59
2024-11-21 09:29:53.909263,50.02,3529.6,48.55,431.78,207.73,1.49
2024-11-21 09:30:53.909263,33.76,1616.54,198.81,883.22,910.17,1.84
2024-11-21 09:31:53.909263,60.47,2090.6,73.45,98.76,149.52,0.74
2024-11-21 09:32:53.909263,42.72,3351.98,103.0,581.95,256.78,0.93
2024-11-21 09:33:53.909263,93.77,1847.42,182.83,213.64,173.51,0.47
2024-11-21 09:34:53.909263,37.57,2798.77,155.76,106.0,323.79,3.52
2024-11-21 09:35:53.909263,56.88,3862.05,172.19,336.7,486.03,2.79
2024-11-21 09:36:53.909263,65.74,2937.63,160.28,485.69,464.07,3.54
2024-11-21 09:37:53.909263,51.16,1686.79,49.92,45.52,564.69,4.5
2024-11-21 09:38:53.909263,35.57,1712.98,137.79,992.25,960.46,3.9
2024-11-21 09:39:53.909263,-4.48,3138.44,46.47,721.15,478.86,1.21
2024-11-21 09:40:53.909263,63.05,3914.57,159.08,448.44,822.43,1.75
2024-11-21 09:41:53.909263,47.67,3837.66,99.62,187.72,178.37,0.64
2024-11-21 09:42:53.909263,56.5,1141.14,31.7,130.15,551.81,4.47
2024-11-21 09:43:53.909263,33.83,1180.89,144.87,403.57,54.01,0.92
2024-11-21 09:44:53.909263,45.47,1207.52,16.84,207.25,501.15,1.83
2024-11-21 09:45:53.909263,64.05,1893.16,174.68,323.11,312.42,1.04
2024-11-21 09:46:53.909263,36.33,1368.55,136.36,143.54,355.73,0.13
2024-11-21 09:47:53.909263,39.03,2649.67,99.73,52.64,658.63,2.04
2024-11-21 09:48:53.909263,50.82,2715.43,192.19,507.5,246.84,2.15
2024-11-21 09:49:53.909263,65.6,4075.2,33.69,585.19,534.66,0.05
2024-11-21 09:50:53.909263,35.68,4022.85,62.86,834.97,860.28,4.68
2024-11-21 09:51:53.909263,36.98,2931.82,63.17,218.6,542.41,0.49
2024-11-21 09:52:53.909263,41.81,3676.87,107.26,868.4,515.51,2.51
2024-11-21 09:53:53.909263,67.93,2234.27,166.79,544.62,351.61,0.29
2024-11-21 09:54:53.909263,40.31,2253.21,131.64,26.9,939.92,3.74
2024-11-21 09:55:53.909263,37.01,2059.19,180.21,671.78,424.03,1.49
2024-11-21 09:56:53.909263,65.1,3088.3,147.7,940.96,123.66,4.64
2024-11-21 09:57:53.909263,22.86,1070.55,153.81,530.54,864.3,0.99
2024-11-21 09:58:53.909263,54.12,2759.29,35.18,12.18,81.48,0.44
2024-11-21 09:59:53.909263,62.99,1721.39,115.23,563.32,321.95,1.06
2024-11-21 10:00:53.909263,17.4,3488.66,33.98,517.96,519.27,2.4
2024-11-21 10:01:53.909263,47.94,3196.7,105.14,724.56,530.67,3.53
2024-11-21 10:02:53.909263,53.66,3911.35,145.14,465.63,207.91,3.85
2024-11-21 10:03:53.909263,57.91,3331.97,58.33,963.07,161.89,4.9
2024-11-21 10:04:53.909263,40.7,2763.29,110.84,940.01,203.61,1.58
2024-11-21 10:05:53.909263,55.93,2806.18,104.02,793.02,905.14,4.86
2024-11-21 10:06:53.909263,67.78,2492.39,192.14,906.33,205.38,4.58
2024-11-21 10:07:53.909263,76.96,2055.7,70.21,389.52,20.18,1.08
2024-11-21 10:08:53.909263,71.48,2122.38,29.36,820.54,740.32,3.02
2024-11-21 10:09:53.909263,57.14,3771.92,34.83,614.44,326.91,3.12
2024-11-21 10:10:53.909263,42.66,3188.67,100.79,612.53,795.93,3.77
2024-11-21 10:11:53.909263,77.24,1619.15,28.2,680.3,988.38,0.09
2024-11-21 10:12:53.909263,40.11,3551.3,185.17,891.8,694.46,3.22
2024-11-21 10:13:53.909263,35.28,1191.97,34.17,53.54,104.92,3.91
2024-11-21 10:14:53.909263,43.98,2238.05,134.57,869.92,589.84,2.23
2024-11-21 10:15:53.909263,41.1,3920.9,164.39,241.57,702.3,1.4
2024-11-21 10:16:53.909263,81.89,3071.23,192.71,946.06,375.57,2.45
2024-11-21 10:17:53.909263,13.17,2867.58,80.97,956.15,284.87,2.64
2024-11-21 10:18:53.909263,14.54,3795.32,32.97,482.45,992.99,0.35
2024-11-21 10:19:53.909263,39.88,2657.71,143.41,750.92,370.6,2.36
2024-11-21 10:20:53.909263,33.53,2603.01,58.25,73.28,959.32,4.08
2024-11-21 10:21:53.909263,52.81,2210.13,58.56,200.23,828.61,1.98
2024-11-21 10:22:53.909263,57.23,1709.51,106.05,276.54,358.76,4.1
2024-11-21 10:23:53.909263,28.7,3406.21,14.84,269.92,795.14,3.05
2024-11-21 10:24:53.909263,36.29,1567.0,181.04,685.3,766.09,4.03
2024-11-21 10:25:53.909263,75.87,2443.07,73.96,603.57,987.31,4.1
2024-11-21 10:26:53.909263,55.39,2571.46,30.61,317.44,405.49,1.37
2024-11-21 10:27:53.909263,50.19,3604.02,177.44,220.58,356.31,0.97
2024-11-21 10:28:53.909263,31.53,3165.35,164.88,582.59,501.88,4.74
2024-11-21 10:29:53.909263,46.14,2613.67,86.35,613.14,648.88,4.59
2024-11-21 10:30:53.909263,54.17,1060.42,72.95,532.81,514.55,4.84
2024-11-21 10:31:53.909263,65.49,2640.03,174.54,43.54,783.08,0.85
2024-11-21 10:32:53.909263,62.98,2110.81,7.88,992.72,534.19,4.33
2024-11-21 10:33:53.909263,44.96,3532.94,18.97,837.78,904.34,1.01
2024-11-21 10:34:53.909263,64.37,2314.3,108.95,343.95,400.59,1.59
2024-11-21 10:35:53.909263,61.49,2464.01,168.45,630.81,252.7,4.36
2024-11-21 10:36:53.909263,41.82,2596.22,179.17,729.94,101.2,4.85
2024-11-21 10:37:53.909263,92.79,3482.5,179.73,770.43,125.33,0.83
2024-11-21 10:38:53.909263,56.35,1255.25,70.82,165.76,405.24,3.17
2024-11-21 10:39:53.909263,73.57,1305.66,140.23,663.75,762.52,1.38
2024-11-21 10:40:53.909263,58.86,1268.72,108.68,602.59,966.19,3.55
2024-11-21 10:41:53.909263,56.45,2110.12,75.42,30.37,286.38,1.99
2024-11-21 10:42:53.909263,40.87,1382.86,122.7,631.97,409.6,4.82
2024-11-21 10:43:53.909263,52.66,1522.6,128.23,856.05,628.15,2.79
2024-11-21 10:44:53.909263,31.87,3225.49,58.19,350.88,191.44,4.73
2024-11-21 10:45:53.909263,61.43,1537.59,198.81,779.72,763.7,2.22
2024-11-21 10:46:53.909263,38.51,3940.84,130.19,258.72,848.1,2.93
2024-11-21 10:47:53.909263,58.76,3635.35,98.53,787.58,58.01,4.48
2024-11-21 10:48:53.909263,55.02,1802.82,55.84,611.71,496.26,0.98
2024-11-21 10:49:53.909263,46.21,3283.15,34.76,462.63,231.01,4.4
2024-11-21 10:50:53.909263,41.65,2861.19,54.91,464.51,188.08,1.07
2024-11-21 10:51:53.909263,59.88,2216.76,68.71,817.95,825.55,4.4
2024-11-21 10:52:53.909263,14.61,2309.83,20.72,58.89,822.31,2.91
2024-11-21 10:53:53.909263,44.03,2041.43,47.35,266.33,966.49,4.81
2024-11-21 10:54:53.909263,52.12,2703.76,67.7,145.69,725.09,2.5
2024-11-21 10:55:53.909263,44.04,3165.42,144.81,282.95,644.22,1.47
2024-11-21 10:56:53.909263,45.17,3405.59,114.12,405.14,252.89,4.63
2024-11-21 10:57:53.909263,70.84,1344.44,184.38,296.52,68.14,2.36
2024-11-21 10:58:53.909263,57.17,3891.36,51.91,796.24,672.28,0.82
2024-11-21 10:59:53.909263,45.59,1443.05,84.83,324.78,285.05,4.85
2024-11-21 11:00:53.909263,31.45,1977.91,48.94,35.65,44.05,1.89
2024-11-21 11:01:53.909263,62.48,3518.56,37.48,653.76,114.36,1.87
2024-11-21 11:02:53.909263,59.73,2631.19,95.88,150.32,392.56,1.15
2024-11-21 11:03:53.909263,52.05,1100.11,199.7,567.79,754.74,0.12
2024-11-21 11:04:53.909263,52.67,3624.39,101.67,144.44,334.64,0.18
2024-11-21 11:05:53.909263,50.6,3790.46,24.25,927.66,782.54,3.78
2024-11-21 11:06:53.909263,39.63,3440.04,185.74,552.15,948.58,2.23
2024-11-21 11:07:53.909263,52.25,1607.51,133.24,797.22,23.19,2.67
2024-11-21 11:08:53.909263,69.96,3915.65,63.25,164.32,249.79,4.24
2024-11-21 11:09:53.909263,64.66,2026.15,169.08,876.1,196.65,3.3
2024-11-21 11:10:53.909263,54.93,3360.9,95.91,691.15,685.18,2.05
2024-11-21 11:11:53.909263,45.78,3130.56,160.47,717.68,902.65,3.44
2024-11-21 11:12:53.909263,27.79,3888.24,149.07,317.0,455.81,3.14
2024-11-21 11:13:53.909263,45.55,3414.14,122.34,216.58,295.27,0.19
2024-11-21 11:14:53.909263,67.2,3128.67,86.47,137.64,822.53,0.58
2024-11-21 11:15:53.909263,29.63,2681.02,53.77,642.13,367.64,2.76
2024-11-21 11:16:53.909263,35.97,2699.26,103.36,426.97,82.05,1.8
2024-11-21 11:17:53.909263,45.23,3527.03,117.0,466.08,772.48,4.49
2024-11-21 11:18:53.909263,88.07,2703.72,112.86,85.96,541.86,2.56
2024-11-21 11:19:53.909263,30.19,1500.19,83.96,553.65,760.39,4.95
2024-11-21 11:20:53.909263,35.31,2241.5,111.9,781.13,235.67,3.23
2024-11-21 11:21:53.909263,42.94,2704.04,195.54,781.16,68.57,0.32
2024-11-21 11:22:53.909263,41.49,3107.07,196.83,162.99,733.77,2.39
2024-11-21 11:23:53.909263,70.05,2477.6,40.44,392.62,565.88,0.74
2024-11-21 11:24:53.909263,85.84,1595.78,126.47,411.25,111.64,4.25
2024-11-21 11:25:53.909263,48.73,1267.37,39.58,888.99,352.6,2.82
2024-11-21 11:26:53.909263,63.89,1158.73,96.03,11.09,20.36,4.15
2024-11-21 11:27:53.909263,46.67,1171.81,162.59,184.18,468.89,4.98
2024-11-21 11:28:53.909263,40.38,1906.91,195.25,866.96,549.13,0.49
2024-11-21 11:29:53.909263,93.43,2090.15,186.19,399.27,455.74,1.31
2024-11-21 11:30:53.909263,44.29,3664.27,193.16,960.39,173.7,3.64
2024-11-21 11:31:53.909263,40.5,3778.03,175.82,170.85,978.01,0.56
2024-11-21 11:32:53.909263,33.92,2596.64,87.86,113.78,561.89,1.82
2024-11-21 11:33:53.909263,60.31,3475.01,22.98,749.16,362.69,2.71
2024-11-21 11:34:53.909263,43.84,2756.5,198.47,382.14,966.41,4.56
2024-11-21 11:35:53.909263,43.76,2753.75,61.79,224.05,255.69,4.02
2024-11-21 11:36:53.909263,18.75,1896.87,153.32,911.67,637.21,2.4
2024-11-21 11:37:53.909263,48.17,2498.92,139.27,592.79,117.33,4.36
2024-11-21 11:38:53.909263,68.35,2861.18,84.39,627.74,498.28,2.0
2024-11-21 11:39:53.909263,45.98,1076.87,192.51,152.97,289.24,1.87
2024-11-21 11:40:53.909263,49.41,3003.43,33.64,669.35,302.86,0.05
2024-11-21 11:41:53.909263,48.31,1188.98,73.87,396.0,929.2,3.54
2024-11-21 11:42:53.909263,62.65,3031.01,23.14,583.23,395.13,0.93
2024-11-21 11:43:53.909263,21.82,1278.66,105.91,211.12,240.74,1.71
2024-11-21 11:44:53.909263,47.88,1233.11,40.67,568.18,300.76,3.09
2024-11-21 11:45:53.909263,39.16,3778.06,37.39,485.17,405.84,4.84
2024-11-21 11:46:53.909263,41.31,1094.18,148.6,548.35,376.75,0.08
2024-11-21 11:47:53.909263,51.07,1909.81,120.92,897.96,781.33,2.86
2024-11-21 11:48:53.909263,72.75,3165.91,28.16,670.07,163.68,4.65
2024-11-21 11:49:53.909263,35.27,3521.64,168.66,541.15,802.07,1.15
2024-11-21 11:50:53.909263,44.04,2496.34,183.3,320.16,106.68,3.97
2024-11-21 11:51:53.909263,62.66,3093.12,19.47,702.49,41.61,0.91
2024-11-21 11:52:53.909263,51.48,1757.31,65.93,569.04,791.49,1.0
2024-11-21 11:53:53.909263,27.32,1086.7,155.91,199.18,611.18,3.94
2024-11-21 11:54:53.909263,67.54,2597.59,36.96,291.11,193.8,2.67
2024-11-21 11:55:53.909263,62.34,2925.86,42.22,907.79,851.19,3.38
2024-11-21 11:56:53.909263,53.32,2832.68,55.53,206.9,347.19,4.11
2024-11-21 11:57:53.909263,51.22,3005.49,78.33,106.13,117.14,1.73
2024-11-21 11:58:53.909263,47.17,2433.85,90.42,628.14,55.54,3.31
2024-11-21 11:59:53.909263,75.19,1263.75,95.9,542.1,312.28,2.78
2024-11-21 12:00:53.909263,26.33,4054.75,128.01,878.63,229.98,3.72
2024-11-21 12:01:53.909263,64.76,1468.19,58.34,808.52,436.65,2.83
2024-11-21 12:02:53.909263,57.55,3856.56,179.81,176.61,125.21,1.88
2024-11-21 12:03:53.909263,53.99,2192.79,155.12,446.69,519.44,2.56
2024-11-21 12:04:53.909263,65.31,1030.21,184.25,555.51,542.87,3.66
2024-11-21 12:05:53.909263,52.32,2571.43,121.06,700.33,737.04,1.93
2024-11-21 12:06:53.909263,79.52,4013.83,123.14,590.81,342.76,3.76
2024-11-21 12:07:53.909263,62.17,3416.76,17.47,494.17,856.37,2.49
2024-11-21 12:08:53.909263,68.54,1616.44,21.15,183.34,158.43,0.42
2024-11-21 12:09:53.909263,77.66,1249.44,22.82,737.03,870.87,0.63
2024-11-21 12:10:53.909263,47.9,3811.94,51.36,339.01,278.48,4.92
2024-11-21 12:11:53.909263,35.52,2086.84,30.18,440.69,244.23,3.43
2024-11-21 12:12:53.909263,53.14,3424.83,164.1,446.24,428.33,0.9
2024-11-21 12:13:53.909263,61.15,2546.29,178.63,480.63,696.06,2.34
2024-11-21 12:14:53.909263,73.28,3168.69,82.87,57.96,940.75,3.03
2024-11-21 12:15:53.909263,32.14,3090.72,144.39,495.47,544.38,2.4
2024-11-21 12:16:53.909263,42.36,2939.02,63.31,214.95,49.84,1.4
2024-11-21 12:17:53.909263,61.44,1148.0,88.06,536.43,993.88,2.52
2024-11-21 12:18:53.909263,48.07,2686.01,104.33,101.28,839.01,0.98
2024-11-21 12:19:53.909263,30.11,2841.86,90.63,916.55,41.1,3.28
2024-11-21 12:20:53.909263,67.84,1360.35,164.69,287.3,688.58,0.77
2024-11-21 12:21:53.909263,15.5,2312.36,55.4,650.41,799.39,2.16
2024-11-21 12:22:53.909263,47.53,1129.8,127.35,785.69,164.98,4.08
2024-11-21 12:23:53.909263,78.19,3625.77,153.52,810.04,850.64,3.21
2024-11-21 12:24:53.909263,36.94,3365.03,55.48,213.77,467.74,4.51
2024-11-21 12:25:53.909263,33.09,3806.25,5.09,601.33,951.8,0.57
2024-11-21 12:26:53.909263,44.91,3098.64,108.33,435.73,814.23,1.43
2024-11-21 12:27:53.909263,44.47,1908.45,79.58,112.38,387.74,2.38
2024-11-21 12:28:53.909263,56.62,3623.29,181.43,143.85,863.3,0.96
2024-11-21 12:29:53.909263,60.83,1362.47,81.9,703.48,741.98,1.06
2024-11-21 12:30:53.909263,52.97,2363.88,168.02,621.76,544.31,2.73
2024-11-21 12:31:53.909263,25.13,1296.17,43.31,738.9,411.97,3.22
2024-11-21 12:32:53.909263,71.5,1983.38,50.87,791.13,290.5,1.8
2024-11-21 12:33:53.909263,41.99,2122.88,90.51,841.46,967.15,3.57
2024-11-21 12:34:53.909263,41.88,2780.09,14.14,319.41,481.91,1.57
2024-11-21 12:35:53.909263,43.39,2110.81,89.34,717.31,522.91,3.49
2024-11-21 12:36:53.909263,47.83,1114.41,128.99,688.31,560.54,0.11
2024-11-21 12:37:53.909263,41.05,3440.39,36.68,592.08,812.4,2.85
2024-11-21 12:38:53.909263,75.09,2335.47,25.65,444.27,977.76,0.54
2024-11-21 12:39:53.909263,44.97,2607.93,153.73,125.69,129.58,2.06
2024-11-21 12:40:53.909263,35.85,3158.02,16.85,43.34,617.32,4.79
2024-11-21 12:41:53.909263,47.87,2428.16,42.61,860.51,505.54,1.87
2024-11-21 12:42:53.909263,21.62,3752.4,8.23,914.3,717.93,4.05
2024-11-21 12:43:53.909263,36.71,1355.52,189.85,965.49,24.61,2.08
2024-11-21 12:44:53.909263,67.29,1088.25,91.25,799.33,191.4,3.67
2024-11-21 12:45:53.909263,39.11,1275.62,195.93,160.48,86.49,0.11
2024-11-21 12:46:53.909263,68.79,3463.86,171.96,101.61,448.65,0.07
2024-11-21 12:47:53.909263,37.64,1436.2,161.2,861.26,150.6,2.77
2024-11-21 12:48:53.909263,53.48,3620.54,196.37,947.06,377.55,3.32
2024-11-21 12:49:53.909263,75.36,1173.6,195.45,58.15,767.62,4.21
2024-11-21 12:50:53.909263,29.34,2667.32,176.04,389.08,681.68,1.97
2024-11-21 12:51:53.909263,63.69,2911.81,130.61,371.03,456.98,1.05
2024-11-21 12:52:53.909263,46.72,2966.23,28.76,947.07,428.25,2.13
2024-11-21 12:53:53.909263,55.49,2837.11,166.67,732.99,374.05,1.92
2024-11-21 12:54:53.909263,41.03,2061.22,168.53,935.18,166.2,2.33
2024-11-21 12:55:53.909263,27.87,1519.58,14.97,373.89,21.91,4.96
2024-11-21 12:56:53.909263,48.72,2224.76,178.53,805.5,411.78,0.1
2024-11-21 12:57:53.909263,56.18,2417.89,77.52,503.69,273.35,1.73
2024-11-21 12:58:53.909263,46.6,1479.65,62.69,54.34,465.73,2.91
2024-11-21 12:59:53.909263,66.91,3059.21,193.99,976.84,677.91,3.3
2024-11-21 13:00:53.909263,24.96,1560.38,118.86,975.2,507.12,0.52
2024-11-21 13:01:53.909263,60.42,1571.9,195.42,445.96,435.73,1.93
2024-11-21 13:02:53.909263,48.74,1712.28,95.91,411.63,852.91,2.88
2024-11-21 13:03:53.909263,63.53,3805.32,88.05,93.37,777.81,1.14
2024-11-21 13:04:53.909263,71.63,2224.1,38.66,746.79,513.9,2.51
2024-11-21 13:05:53.909263,66.1,4023.17,71.95,848.08,325.12,4.95
2024-11-21 13:06:53.909263,64.27,2192.56,176.02,516.76,105.37,0.5
2024-11-21 13:07:53.909263,38.03,3199.29,165.67,797.98,378.71,1.66
2024-11-21 13:08:53.909263,46.08,2735.43,30.02,720.41,889.74,1.67
2024-11-21 13:09:53.909263,60.66,2958.32,156.06,639.8,902.34,0.77
2024-11-21 13:10:53.909263,44.36,2103.11,99.88,933.01,817.74,2.37
2024-11-21 13:11:53.909263,29.84,2573.86,199.47,267.59,799.05,0.25
2024-11-21 13:12:53.909263,59.82,1965.86,144.7,603.14,413.4,4.02
2024-11-21 13:13:53.909263,45.26,1315.62,165.68,884.39,460.63,1.12
2024-11-21 13:14:53.909263,63.04,1781.83,91.56,46.92,218.89,1.43
2024-11-21 13:15:53.909263,42.3,2787.28,142.76,936.2,635.77,4.7
2024-11-21 13:16:53.909263,49.0,2086.19,97.23,709.71,113.08,3.89
2024-11-21 13:17:53.909263,31.75,2151.74,179.45,687.88,651.83,2.91
2024-11-21 13:18:53.909263,57.06,1030.26,73.76,990.26,916.11,3.45
2024-11-21 13:19:53.909263,57.19,4056.82,60.69,862.34,858.73,2.35
2024-11-21 13:20:53.909263,23.32,2624.04,72.63,243.13,636.9,2.08
2024-11-21 13:21:53.909263,40.01,1349.53,100.34,926.96,592.6,1.91
2024-11-21 13:22:53.909263,39.4,2574.19,140.78,726.24,25.44,1.87
2024-11-21 13:23:53.909263,31.4,1562.45,60.62,710.63,673.45,4.27
2024-11-21 13:24:53.909263,31.15,3107.41,161.77,612.69,89.5,4.29
2024-11-21 13:25:53.909263,50.09,1099.99,94.95,335.5,255.2,0.85
2024-11-21 13:26:53.909263,69.69,3009.06,30.07,80.13,174.14,2.79
2024-11-21 13:27:53.909263,39.03,1692.64,83.42,131.91,104.82,2.98
2024-11-21 13:28:53.909263,25.73,1296.74,102.38,843.67,955.78,4.17
2024-11-21 13:29:53.909263,24.71,1138.7,181.2,499.6,614.02,4.05
2024-11-21 13:30:53.909263,39.24,3563.02,19.09,734.74,223.71,3.3
2024-11-21 13:31:53.909263,74.34,1582.63,81.73,479.59,839.69,3.68
2024-11-21 13:32:53.909263,17.99,1572.92,183.83,256.8,635.6,3.7
2024-11-21 13:33:53.909263,48.88,2569.16,178.86,817.12,180.1,1.65
2024-11-21 13:34:53.909263,65.8,2085.97,54.14,394.43,242.55,3.93
2024-11-21 13:35:53.909263,27.98,1442.53,29.42,124.15,269.63,3.54
2024-11-21 13:36:53.909263,50.75,2395.01,6.24,907.76,832.19,0.85
2024-11-21 13:37:53.909263,12.82,2053.62,20.45,505.56,515.92,3.0
2024-11-21 13:38:53.909263,34.57,2535.41,163.22,140.43,617.6,4.06
2024-11-21 13:39:53.909263,34.67,4008.08,119.56,444.64,261.23,1.27
2024-11-21 13:40:53.909263,31.52,2607.69,112.36,275.01,323.31,2.29
2024-11-21 13:41:53.909263,66.86,1746.46,81.65,456.84,207.76,4.39
2024-11-21 13:42:53.909263,71.46,1619.46,35.44,303.2,312.81,1.84
2024-11-21 13:43:53.909263,35.94,3131.81,71.66,793.74,592.26,0.18
2024-11-21 13:44:53.909263,41.8,3830.62,86.05,316.74,712.53,0.27
2024-11-21 13:45:53.909263,69.5,3642.27,132.84,514.62,682.77,0.92
2024-11-21 13:46:53.909263,68.31,2605.55,75.8,977.29,371.64,4.11
2024-11-21 13:47:53.909263,59.99,1064.43,145.31,923.68,986.85,2.39
2024-11-21 13:48:53.909263,55.3,3637.1,22.95,171.95,530.61,1.08
2024-11-21 13:49:53.909263,31.14,3232.2,34.93,302.38,953.87,0.79
2024-11-21 13:50:53.909263,54.1,3585.01,51.39,442.53,783.12,1.19
2024-11-21 13:51:53.909263,63.54,1851.59,49.72,719.73,932.0,4.18
2024-11-21 13:52:53.909263,51.64,2418.17,111.63,253.84,605.08,1.22
2024-11-21 13:53:53.909263,58.41,3374.2,30.57,347.31,469.61,1.95
2024-11-21 13:54:53.909263,55.2,3890.66,105.94,997.22,955.06,2.8
2024-11-21 13:55:53.909263,60.29,1553.76,167.54,586.88,787.8,4.32
2024-11-21 13:56:53.909263,64.02,1211.89,67.55,501.05,597.59,0.27
2024-11-21 13:57:53.909263,57.15,2433.71,172.19,752.17,405.43,1.23
2024-11-21 13:58:53.909263,43.85,1247.8,128.95,412.52,188.85,0.97
2024-11-21 13:59:53.909263,42.37,2021.8,182.9,766.2,478.79,3.31
2024-11-21 14:00:53.909263,70.64,3444.6,56.79,916.86,29.77,2.72
2024-11-21 14:01:53.909263,60.75,3858.58,195.04,316.33,837.21,4.34
2024-11-21 14:02:53.909263,67.04,2172.63,15.45,99.16,210.14,2.2
2024-11-21 14:03:53.909263,27.2,3156.01,57.06,910.22,182.6,1.11
2024-11-21 14:04:53.909263,47.72,3258.84,122.77,309.33,71.45,0.14
2024-11-21 14:05:53.909263,35.52,3408.35,86.0,128.98,912.14,4.03
2024-11-21 14:06:53.909263,53.81,3130.66,85.56,828.58,155.45,2.07
2024-11-21 14:07:53.909263,45.84,2072.07,43.48,564.45,83.37,2.78
2024-11-21 14:08:53.909263,47.53,1353.14,65.25,331.37,820.67,2.77
2024-11-21 14:09:53.909263,39.1,2048.36,70.86,362.45,38.77,1.83
2024-11-21 14:10:53.909263,71.99,1082.08,13.3,660.6,266.68,0.74
2024-11-21 14:11:53.909263,85.74,4030.08,87.46,79.88,20.36,4.29
2024-11-21 14:12:53.909263,43.83,3819.19,77.67,432.98,509.09,0.7
2024-11-21 14:13:53.909263,48.66,1349.59,70.52,314.11,316.63,1.06
2024-11-21 14:14:53.909263,37.13,2403.12,102.66,409.75,844.01,4.17
2024-11-21 14:15:53.909263,47.6,3801.41,174.68,967.33,575.12,4.34
2024-11-21 14:16:53.909263,64.55,2092.07,168.36,308.19,219.3,3.08
2024-11-21 14:17:53.909263,44.99,1361.69,186.47,105.6,954.84,2.61
2024-11-21 14:18:53.909263,40.69,1914.56,134.55,818.02,767.78,3.32
2024-11-21 14:19:53.909263,41.45,2385.62,60.82,688.46,545.8,1.77
2024-11-21 14:20:53.909263,69.64,3545.54,124.7,128.17,787.51,1.69
2024-11-21 14:21:53.909263,58.88,3568.79,20.0,128.49,80.85,4.13
2024-11-21 14:22:53.909263,24.31,2376.9,164.86,708.77,957.74,4.47
2024-11-21 14:23:53.909263,40.59,2918.6,83.51,395.29,166.75,4.58
2024-11-21 14:24:53.909263,62.67,4074.44,33.34,181.14,150.57,4.34
2024-11-21 14:25:53.909263,54.72,4073.64,57.23,142.6,483.13,0.3
2024-11-21 14:26:53.909263,69.03,3419.27,117.39,867.41,487.59,3.23
2024-11-21 14:27:53.909263,3.95,3357.82,183.53,864.77,63.38,2.32
2024-11-21 14:28:53.909263,75.98,1750.84,167.55,468.62,376.3,3.08
2024-11-21 14:29:53.909263,44.75,1711.26,65.87,90.56,712.11,4.03
2024-11-21 14:30:53.909263,30.05,1362.35,61.66,582.56,902.18,3.0
2024-11-21 14:31:53.909263,6.79,3820.92,147.66,941.74,790.63,1.58
2024-11-21 14:32:53.909263,68.71,2167.46,90.53,30.49,773.7,4.19
2024-11-21 14:33:53.909263,60.54,3783.7,167.76,530.95,982.31,3.32
2024-11-21 14:34:53.909263,39.66,2529.81,45.52,980.05,399.67,3.84
2024-11-21 14:35:53.909263,47.83,2482.21,41.72,208.03,577.62,2.64
2024-11-21 14:36:53.909263,61.46,2859.21,180.95,435.98,415.75,2.6
2024-11-21 14:37:53.909263,42.58,1064.06,73.94,422.69,265.74,2.5
2024-11-21 14:38:53.909263,63.66,1844.2,74.85,684.8,689.29,0.61
2024-11-21 14:39:53.909263,63.99,1339.84,180.81,170.46,43.88,2.49
2024-11-21 14:40:53.909263,54.76,1992.38,133.12,91.18,475.17,1.02
2024-11-21 14:41:53.909263,52.61,1759.74,54.8,14.77,959.24,3.79
2024-11-21 14:42:53.909263,66.18,2598.13,134.13,283.23,105.56,2.21
2024-11-21 14:43:53.909263,35.6,1995.73,193.44,367.68,596.42,1.07
2024-11-21 14:44:53.909263,79.62,3561.28,8.21,972.14,261.62,3.08
2024-11-21 14:45:53.909263,46.2,3937.96,167.25,648.22,198.79,4.13
2024-11-21 14:46:53.909263,61.77,3656.87,139.85,424.72,139.15,0.37
2024-11-21 14:47:53.909263,58.35,2045.54,142.45,93.91,832.8,1.46